Filter_1,Filter_2,Filter_3,Filter_4,Filter_5,Result,Reading_1,Reading_2,Reading_3,Reading_4,Reading_5,Reading_6,Reading_7,Reading_8,Reading_9,Reading_10
Machine 1,Family 1,Customer 1,Engine 1,Station 1,Fail!,3.94,-3.71,4.69,-4.28,5.26,-5.2,5.72,-5.51,6.1,-5.97
Machine 1,Family 1,Customer 1,Engine 1,Station 2,Pass!,3.42,-3.75,3.69,-4.35,4.12,-4.75,4.5,-5.09,4.89,-5.33
Machine 1,Family 1,Customer 1,Engine 1,Station 2,Pass!,3.7,-2.55,4.41,-2.95,4.66,-3.55,5.06,-4.31,5.53,-5.29
Machine 1,Family 1,Customer 1,Engine 1,Station 1,Pass!,3.16,-3.34,3.86,-3.94,4.41,-4.3,4.77,-4.77,5.41,-5.09
Machine 1,Family 1,Customer 1,Engine 1,Station 2,Pass!,4.14,-3.32,4.37,-3.91,4.79,-4.81,4.99,-5.34,5.57,-5.86
Machine 1,Family 1,Customer 1,Engine 1,Station 2,Pass!,3.27,-4.38,3.88,-5.03,4.67,-5.54,5.19,-5.77,5.67,-5.85
Machine 1,Family 1,Customer 1,Engine 1,Station 2,Pass!,3.78,-4.17,4.38,-4.69,4.9,-5.07,5.04,-5.5,5.4,-5.76
Machine 1,Family 1,Customer 1,Engine 1,Station 1,Pass!,3.33,-4.59,3.84,-5.05,4.43,-5.68,5.01,-6.08,5.57,-6.37
Machine 1,Family 1,Customer 1,Engine 1,Station 2,Pass!,2.98,-3.38,3.96,-4.01,4.66,-4.75,5.28,-5.35,5.8,-5.93
Machine 1,Family 1,Customer 1,Engine 1,Station 1,Pass!,3.58,-2.61,4.12,-3.45,4.74,-4.1,5.19,-4.53,5.72,-5.11
Machine 1,Family 1,Customer 1,Engine 1,Station 2,Pass!,3.63,-3.48,4.28,-4.06,4.82,-4.69,5.24,-5.21,5.66,-5.71
Machine 1,Family 1,Customer 1,Engine 1,Station 1,Pass!,3.05,-3.14,3.64,-3.79,4.2,-4.28,4.52,-4.61,4.97,-4.99
Machine 1,Family 1,Customer 1,Engine 1,Station 1,Pass!,3.54,-3.42,4.15,-4.05,4.86,-4.51,5.21,-4.89,5.71,-5.27
Machine 1,Family 1,Customer 1,Engine 1,Station 1,Pass!,2.92,-2.99,3.5,-3.72,4.05,-4.18,4.79,-4.7,5.4,-5.14
Machine 1,Family 1,Customer 2,Engine 2,Station 2,Pass!,3.14,-3.57,4.08,-3.96,4.59,-4.53,5.16,-5.12,5.68,-5.37
Machine 1,Family 1,Customer 2,Engine 2,Station 1,Pass!,3.34,-2.34,4.25,-2.93,4.63,-3.82,4.96,-4.45,5.2,-4.92
Machine 1,Family 1,Customer 2,Engine 2,Station 2,Pass!,3.23,-2.77,3.89,-3.58,4.36,-4.22,4.92,-4.81,5.35,-5.1
Machine 1,Family 1,Customer 2,Engine 2,Station 1,Fail!,7.81,-3.9,8.22,-3.44,8.23,-3.4,0,-3.62,0,-3.67
Machine 1,Family 1,Customer 2,Engine 2,Station 2,Pass!,3.73,-3.6,4.47,-4.21,4.9,-4.46,5.01,-4.86,5.4,-5.17
Machine 1,Family 1,Customer 2,Engine 2,Station 2,Pass!,2.03,-2.68,3.59,-3.56,4.44,-4.13,5.61,-4.65,6.45,-4.85
Machine 1,Family 1,Customer 2,Engine 2,Station 1,Pass!,2.98,-3.9,3.97,-4.42,4.58,-4.84,5.42,-5.31,6.73,-5.64
Machine 1,Family 1,Customer 2,Engine 2,Station 2,Pass!,2.89,-3.46,3.66,-4.04,4.23,-4.41,4.59,-5.04,5.6,-5.43
Machine 1,Family 1,Customer 2,Engine 2,Station 1,Pass!,2.96,-2.89,3.56,-3.4,4.03,-4.21,4.67,-4.9,4.86,-5.32
Machine 1,Family 1,Customer 2,Engine 2,Station 2,Pass!,3.13,-3.26,3.93,-3.9,4.34,-4.66,5.67,-5.41,6.75,-5.66
Machine 1,Family 1,Customer 2,Engine 2,Station 1,Pass!,2.61,-2.96,3.49,-3.57,4.08,-4.05,4.68,-4.53,5.1,-4.93
Machine 1,Family 1,Customer 2,Engine 2,Station 2,Pass!,3.21,-3.5,3.84,-3.94,4.48,-4.35,4.78,-4.88,5.39,-5.09
Machine 1,Family 1,Customer 2,Engine 2,Station 1,Pass!,2.65,-4,3.81,-4.08,5.1,-4.7,5.77,-5.58,6.15,-5.91
Machine 1,Family 1,Customer 2,Engine 2,Station 2,Pass!,2.83,-3.79,3.5,-4.14,4.21,-4.43,4.8,-4.91,5.26,-5.26
Machine 1,Family 1,Customer 2,Engine 2,Station 1,Pass!,3.4,-4.1,3.92,-4.48,4.63,-4.67,4.95,-5.05,5.19,-5.19
Machine 1,Family 1,Customer 3,Engine 3,Station 2,Pass!,3.57,-3.15,4.03,-3.91,4.73,-4.37,5.32,-4.9,5.8,-5.17
Machine 1,Family 1,Customer 3,Engine 3,Station 1,Pass!,3.57,-3.16,3.96,-3.6,4.71,-4.35,5.15,-4.56,5.68,-4.97
Machine 1,Family 1,Customer 3,Engine 3,Station 2,Pass!,4.2,-3.72,4.94,-4.19,5.46,-4.59,5.84,-4.98,6.13,-5.34
Machine 1,Family 1,Customer 3,Engine 3,Station 1,Fail!,3.64,-3.51,4.26,-4.27,4.95,-4.65,5.58,-5.07,6.17,-5.56
Machine 1,Family 1,Customer 3,Engine 3,Station 1,Pass!,3.36,-3.87,4.29,-4.72,4.8,-5.57,5.46,-5.86,5.98,-6.13
Machine 1,Family 1,Customer 3,Engine 3,Station 2,Pass!,3.31,-3.32,3.68,-3.96,3.82,-4.33,4.51,-4.83,5.14,-5.22
Machine 1,Family 1,Customer 3,Engine 3,Station 1,Pass!,3.25,-3.74,3.88,-4.25,4.42,-4.69,4.87,-5.06,5.38,-5.15
Machine 1,Family 1,Customer 1,Engine 4,Station 2,Pass!,3.49,-4.25,4.22,-4.62,4.87,-4.89,5.4,-5.2,5.89,-5.66
Machine 1,Family 1,Customer 1,Engine 4,Station 1,Pass!,4.16,-3.91,4.64,-4.23,4.61,-4.62,5.15,-4.87,5.78,-5.2
Machine 1,Family 1,Customer 1,Engine 4,Station 2,Pass!,4.5,-3.73,4.98,-4.04,5.46,-4.35,5.89,-4.97,6.31,-5.37
Machine 1,Family 1,Customer 1,Engine 4,Station 1,Pass!,3.59,-3.58,4.11,-3.89,4.54,-4.42,5.21,-4.64,5.82,-5.11
Machine 1,Family 1,Customer 1,Engine 4,Station 2,Pass!,4,-3.42,4.36,-3.89,4.9,-4.3,5.51,-4.82,5.94,-5.12
Machine 1,Family 1,Customer 1,Engine 4,Station 1,Pass!,3.79,-3.99,4.43,-4.46,5.06,-5.08,5.58,-5.51,5.92,-5.8
Machine 1,Family 1,Customer 1,Engine 4,Station 2,Pass!,4.21,-3.82,4.72,-4.52,5.03,-5.2,5.29,-5.49,5.7,-5.8
Machine 1,Family 1,Customer 1,Engine 4,Station 1,Pass!,3.53,-4.69,3.77,-5.13,4.26,-5.71,4.75,-6.15,5.2,-6.31
Machine 1,Family 1,Customer 1,Engine 4,Station 2,Pass!,2.91,-3.44,3.4,-3.88,4.3,-4.36,5.13,-4.92,5.67,-5.31
Machine 1,Family 1,Customer 1,Engine 4,Station 1,Pass!,3.57,-2.67,4.1,-3.27,4.69,-3.84,5.32,-4.29,5.8,-4.85
Machine 1,Family 1,Customer 1,Engine 4,Station 2,Pass!,3.24,-3.82,3.94,-4.22,4.59,-4.6,5.23,-5.18,5.77,-5.46
Machine 1,Family 1,Customer 1,Engine 4,Station 1,Pass!,4.08,-4.1,4.75,-4.58,5.39,-4.78,5.71,-5.4,6.24,-5.69
Machine 1,Family 1,Customer 1,Engine 4,Station 2,Pass!,4.42,-3.9,4.83,-4.43,4.77,-4.99,5.14,-5.45,5.69,-5.79
Machine 1,Family 1,Customer 3,Engine 5,Station 1,Pass!,3.71,-4.4,4.42,-4.8,4.96,-5.15,5.6,-5.61,5.98,-5.9
Machine 1,Family 1,Customer 3,Engine 5,Station 2,Pass!,4.19,-4.18,4.56,-4.58,4.91,-5.04,5.19,-5.38,5.6,-5.73
Machine 1,Family 1,Customer 3,Engine 5,Station 2,Pass!,4.39,-4.22,4.89,-4.48,5.29,-5.04,5.66,-5.39,6.14,-5.57
Machine 1,Family 1,Customer 3,Engine 5,Station 1,Pass!,4,-3.38,4.83,-4.13,5.55,-4.69,6.22,-5.19,6.77,-5.56
Machine 1,Family 1,Customer 3,Engine 5,Station 1,Pass!,3.43,-4.42,4.17,-4.91,4.65,-5.57,5.14,-5.94,5.53,-6.24
Machine 1,Family 1,Customer 3,Engine 5,Station 2,Pass!,4.03,-3.39,4.7,-3.95,5.35,-4.41,5.75,-4.82,6.54,-5.17
Machine 1,Family 1,Customer 3,Engine 5,Station 1,Pass!,4.11,-4.38,4.75,-4.68,5.38,-4.96,5.87,-5.41,6.14,-5.64
Machine 1,Family 1,Customer 3,Engine 5,Station 2,Pass!,3.86,-4.37,4.52,-4.71,5.17,-4.94,5.55,-5.3,5.89,-5.67
Machine 1,Family 1,Customer 3,Engine 5,Station 1,Pass!,3.93,-3.68,4.64,-3.99,5.28,-4.38,5.75,-4.93,6.22,-5.38
Machine 1,Family 1,Customer 3,Engine 5,Station 2,Pass!,4.19,-3.95,5.01,-4.43,5.46,-4.92,5.81,-5.52,6.28,-6.02
Machine 1,Family 1,Customer 3,Engine 5,Station 1,Pass!,3.27,-3.86,3.97,-4.39,4.66,-4.62,5.21,-5.15,5.75,-5.38
Machine 1,Family 1,Customer 1,Engine 6,Station 2,Pass!,3.59,-3.74,4.25,-4.18,4.59,-4.6,5.34,-5.03,5.71,-5.45
Machine 1,Family 1,Customer 1,Engine 4,Station 1,Pass!,2.61,-4.07,3.29,-4.43,4.06,-4.78,4.81,-5.12,5.61,-5.5
Machine 1,Family 1,Customer 3,Engine 5,Station 2,Pass!,3.09,-4.32,3.92,-4.85,4.72,-5.26,5.29,-5.61,5.99,-6.03
Machine 1,Family 1,Customer 3,Engine 5,Station 1,Pass!,3.86,-4.38,4.61,-4.61,5.27,-4.84,5.72,-5.4,6.25,-5.69
Machine 1,Family 1,Customer 3,Engine 3,Station 2,Pass!,3.19,-3.86,3.99,-4.41,4.55,-4.79,5.08,-5.29,5.59,-5.58
Machine 1,Family 1,Customer 3,Engine 3,Station 1,Pass!,4.05,-3.38,4.65,-3.97,5.1,-4.31,5.72,-4.78,6.26,-5.22
Machine 1,Family 1,Customer 3,Engine 3,Station 2,Pass!,3.98,-3.47,4.62,-3.94,5.24,-4.4,5.68,-4.98,6.04,-5.31
Machine 1,Family 1,Customer 3,Engine 3,Station 1,Pass!,3.97,-3.88,4.63,-4.52,5.15,-4.89,5.58,-5.16,5.87,-5.6
Machine 1,Family 1,Customer 3,Engine 3,Station 2,Pass!,3.62,-3.66,4.26,-4.27,4.96,-4.72,5.62,-5.12,5.93,-5.58
Machine 1,Family 1,Customer 3,Engine 3,Station 1,Pass!,3.77,-3.88,4.34,-4.89,4.81,-5.49,5.42,-5.88,5.86,-6.37
Machine 1,Family 1,Customer 3,Engine 3,Station 2,Pass!,3.84,-3.66,4.31,-4.02,4.97,-4.27,5.67,-4.81,6.17,-5.25
Machine 1,Family 1,Customer 3,Engine 3,Station 1,Pass!,3.64,-4.56,4.35,-5.11,4.93,-5.73,5.41,-6.08,5.66,-6.45
Machine 1,Family 1,Customer 3,Engine 3,Station 2,Pass!,3.81,-3.33,4.4,-3.81,4.96,-4.23,5.49,-4.86,5.99,-5.18
Machine 1,Family 1,Customer 3,Engine 3,Station 1,Pass!,3.59,-3.92,4.39,-4.5,4.97,-4.89,5.3,-5.34,5.64,-5.73
Machine 1,Family 1,Calibration,Engine 7,Station 2,Pass!,3.65,-3.95,4.3,-4.53,4.83,-5.11,4.79,-5.54,5.29,-5.92
Machine 1,Family 1,Customer 1,Engine 6,Station 1,Pass!,3.63,-3.64,4.26,-4.08,4.7,-4.48,5.2,-4.7,5.57,-5.05
Machine 1,Family 1,Customer 1,Engine 6,Station 2,Pass!,3.06,-4.1,3.85,-4.51,4.35,-5.05,4.89,-5.42,5.29,-5.94
Machine 1,Family 1,Customer 1,Engine 6,Station 1,Pass!,3.61,-4.53,4.22,-4.93,4.63,-5.49,5.22,-5.97,5.63,-6.21
Machine 1,Family 1,Customer 1,Engine 6,Station 2,Pass!,3.16,-3.99,3.87,-4.47,4.44,-5.15,4.93,-5.63,5.38,-6.05
Machine 1,Family 1,Customer 1,Engine 6,Station 1,Pass!,3.88,-4.34,4.69,-4.77,5.4,-5.29,5.89,-5.69,6.35,-5.82
Machine 1,Family 1,Customer 1,Engine 6,Station 2,Pass!,3.55,-4.19,4.49,-4.42,5.21,-4.65,5.7,-5,6.1,-5.28
Machine 1,Family 1,Customer 1,Engine 6,Station 1,Pass!,3.77,-3.65,4.37,-3.8,4.94,-4.24,5.39,-4.69,6.1,-5.26
Machine 1,Family 1,Customer 1,Engine 6,Station 2,Pass!,3.38,-4.05,3.99,-4.4,4.65,-4.73,5.12,-5.17,5.66,-5.71
Machine 1,Family 1,Customer 1,Engine 6,Station 1,Pass!,3.91,-4.01,4.44,-4.29,5.12,-4.67,5.51,-4.89,5.91,-5.23
Machine 1,Family 1,Customer 1,Engine 6,Station 2,Pass!,3.83,-4.31,4.61,-4.68,5.08,-5,5.54,-5.47,5.8,-5.82
Machine 1,Family 1,Customer 1,Engine 6,Station 1,Pass!,3.21,-4.07,3.59,-4.3,4.2,-4.6,4.67,-4.97,5.17,-5.28
Machine 1,Family 1,Customer 1,Engine 6,Station 2,Pass!,3.33,-3.9,3.82,-4.33,4.34,-4.62,4.91,-5.05,5.46,-5.52
Machine 1,Family 1,Customer 3,Engine 5,Station 1,Pass!,3.46,-4.44,4,-5.03,4.12,-5.6,4.45,-5.99,5.17,-6.23
Machine 1,Family 1,Customer 3,Engine 5,Station 2,Pass!,3.75,-4.34,4.28,-4.87,4.86,-5.1,5.42,-5.39,5.56,-5.62
Machine 1,Family 1,Customer 3,Engine 5,Station 1,Pass!,3.47,-3.92,4.09,-4.35,4.68,-4.71,5.23,-5.27,5.91,-5.57
Machine 1,Family 1,Customer 3,Engine 5,Station 2,Pass!,4.24,-4.28,4.85,-4.7,5.35,-5.06,5.73,-5.43,6.14,-5.69
Machine 1,Family 1,Customer 3,Engine 5,Station 1,Pass!,4.22,-4.32,4.84,-4.75,5.24,-5.29,5.71,-5.7,6.18,-6.06
Machine 1,Family 1,Customer 3,Engine 5,Station 2,Pass!,3.8,-3.84,4.39,-4.15,4.9,-4.5,5.28,-4.91,5.84,-5.3
Machine 1,Family 1,Customer 3,Engine 5,Station 1,Pass!,3.91,-4.29,4.49,-4.55,4.71,-4.7,5.22,-5.05,5.42,-5.43
Machine 1,Family 1,Customer 3,Engine 5,Station 2,Pass!,3.63,-4.32,4.21,-4.72,4.98,-4.88,5.48,-5.1,5.61,-5.52
Machine 1,Family 1,Customer 3,Engine 5,Station 1,Pass!,3.54,-3.1,4.38,-3.67,4.86,-4.28,5.36,-4.71,5.94,-5.24
Machine 1,Family 1,Customer 3,Engine 5,Station 2,Fail!,4.89,-4.45,5.6,-4.77,6.18,-5.13,6.77,-5.46,7.13,-5.97
Machine 1,Family 1,Customer 3,Engine 5,Station 2,Pass!,3.85,-3.28,4.48,-3.72,5.08,-4.48,5.6,-5,6.24,-5.42
Machine 1,Family 1,Customer 3,Engine 5,Station 1,Pass!,3.61,-3.17,4.55,-3.7,5.36,-3.99,5.88,-4.53,6.35,-5.04
Machine 1,Family 1,Customer 3,Engine 5,Station 2,Pass!,3.32,-4.36,4.06,-4.7,4.83,-5.35,5.3,-5.66,5.77,-5.89
Machine 1,Family 1,Customer 3,Engine 5,Station 1,Pass!,3.94,-3.8,4.63,-4.07,5.18,-4.7,5.69,-5.1,6.17,-5.35
Machine 1,Family 1,Customer 3,Engine 5,Station 2,Pass!,3.5,-4.39,4.08,-4.7,4.7,-5.08,5.39,-5.56,5.95,-5.86
Machine 1,Family 1,Customer 3,Engine 3,Station 1,Pass!,3.01,-3.43,3.68,-3.92,4.56,-4.53,5.39,-5.01,6.06,-5.32
Machine 1,Family 1,Customer 3,Engine 5,Station 3,Pass!,3.88,-4.29,4.65,-4.82,5.23,-5.35,5.7,-5.66,6.04,-6.08
Machine 1,Family 1,Customer 3,Engine 3,Station 3,Pass!,3.86,-3.82,4.5,-4.23,5.16,-4.58,5.61,-5.34,6.14,-5.85
Machine 1,Family 1,Customer 3,Engine 5,Station 3,Fail!,4.14,-4.38,4.85,-4.62,5.46,-4.96,6.02,-5.44,6.4,-5.68
Machine 1,Family 1,Customer 3,Engine 3,Station 3,Pass!,4.13,-3.07,4.59,-3.59,4.77,-4.09,5.41,-4.52,5.66,-5.15
Machine 1,Family 1,Customer 3,Engine 5,Station 2,Pass!,3.22,-3.95,3.84,-4.33,4.31,-4.92,4.78,-5.4,5.35,-5.67
Machine 1,Family 1,Customer 1,Engine 4,Station 1,Pass!,3.96,-3.05,4.59,-3.59,5.29,-4.19,5.67,-4.84,6.09,-5.37
Machine 1,Family 1,Customer 1,Engine 4,Station 2,Pass!,3.82,-3.73,4.7,-4.49,5.35,-4.96,5.9,-5.2,6.33,-5.71
Machine 1,Family 1,Customer 1,Engine 4,Station 1,Pass!,2.88,-4.38,3.54,-4.98,4.27,-5.62,4.9,-5.92,5.59,-6.21
Machine 1,Family 1,Customer 1,Engine 4,Station 2,Pass!,3.34,-3.21,4.01,-3.63,4.65,-4.17,5.31,-4.6,5.86,-5.03
Machine 1,Family 1,Customer 1,Engine 4,Station 1,Pass!,3.8,-3.54,4.49,-3.97,5.07,-4.58,5.75,-4.97,6.22,-5.4
Machine 1,Family 1,Customer 1,Engine 4,Station 1,Pass!,3.46,-3.42,4.38,-4.09,5.06,-4.71,5.75,-5.11,6.29,-5.68
Machine 1,Family 1,Customer 1,Engine 4,Station 2,Pass!,3.75,-3.69,3.96,-4.25,4.66,-4.6,5.37,-4.91,6.15,-5.43
Machine 1,Family 1,Customer 1,Engine 4,Station 1,Pass!,3.45,-3.33,4.1,-3.84,4.68,-4.49,5.29,-4.95,5.7,-5.31
Machine 1,Family 1,Customer 1,Engine 4,Station 2,Pass!,3.86,-3.68,4.56,-4.14,5.15,-4.76,5.69,-5.19,6.13,-5.55
Machine 1,Family 1,Customer 1,Engine 4,Station 1,Pass!,3.92,-3.32,4.61,-3.73,5.29,-4.4,5.76,-4.67,6.37,-5.15
Machine 1,Family 1,Customer 1,Engine 4,Station 2,Pass!,3.92,-3.74,4.43,-4.12,4.93,-4.86,5.49,-5.19,5.96,-5.55
Machine 1,Family 1,Customer 3,Engine 3,Station 1,Pass!,3.14,-3.76,3.62,-4.37,4.34,-4.85,4.99,-5.41,5.58,-5.73
Machine 1,Family 1,Customer 3,Engine 3,Station 2,Pass!,3.5,-4.05,4.25,-4.62,4.79,-5.25,5.3,-5.73,5.79,-5.92
Machine 1,Family 1,Customer 3,Engine 5,Station 1,Pass!,4.06,-3.59,4.75,-4.06,5.31,-4.72,5.76,-5.05,6.2,-5.35
Machine 1,Family 1,Customer 1,Engine 1,Station 2,Pass!,3.8,-3.57,4.29,-4.16,4.9,-4.58,5.56,-4.8,6.13,-5.22
Machine 1,Family 1,Customer 1,Engine 1,Station 1,Pass!,3.57,-3.56,4.36,-4.32,4.93,-4.79,5.46,-5.32,5.9,-5.73
Machine 1,Family 1,Customer 1,Engine 1,Station 2,Pass!,3.33,-3.39,4.08,-3.95,4.83,-4.58,5.45,-5.07,5.79,-5.43
Machine 1,Family 1,Customer 1,Engine 1,Station 1,Pass!,4.11,-3.29,4.78,-3.88,5.39,-4.67,5.84,-5.09,6.32,-5.44
Machine 1,Family 1,Customer 1,Engine 1,Station 2,Pass!,4.07,-3.5,4.98,-4.12,5.6,-4.81,5.98,-5.23,6.36,-5.57
Machine 1,Family 1,Customer 1,Engine 1,Station 1,Fail!,3,-5.49,3.72,-6.02,4.25,-6.58,4.69,-6.86,4.69,-7.17
Machine 1,Family 1,Customer 1,Engine 1,Station 1,Pass!,2.57,-4.28,3.46,-5.08,4.07,-5.56,4.73,-6.08,5.24,-6.52
Machine 1,Family 1,Customer 1,Engine 1,Station 2,Pass!,4.04,-3.02,4.77,-3.79,5.44,-4.4,5.97,-4.93,6.47,-5.25
Machine 1,Family 1,Customer 1,Engine 1,Station 1,Pass!,4.08,-3.78,4.85,-4.35,5.23,-4.79,5.71,-5.25,6.09,-5.7
Machine 1,Family 1,Customer 1,Engine 1,Station 2,Pass!,4.13,-4.56,4.95,-5.02,5.52,-5.62,6,-5.99,6.44,-6.24
Machine 1,Family 1,Customer 1,Engine 1,Station 1,Pass!,3.82,-4.16,4.55,-4.81,5.2,-5.24,5.71,-5.49,6.2,-5.79
Machine 1,Family 1,Customer 1,Engine 1,Station 2,Pass!,3.56,-4.11,4.16,-4.63,4.88,-5.2,5.52,-5.68,6.01,-6.03
Machine 1,Family 1,Customer 1,Engine 1,Station 1,Pass!,3.84,-3.71,4.69,-4.64,5.36,-5.2,5.8,-5.59,6.26,-6.01
Machine 1,Family 1,Customer 1,Engine 1,Station 2,Pass!,4.31,-4.6,4.99,-5.13,5.6,-5.54,5.9,-5.88,6.26,-6.08
Machine 1,Family 1,Customer 1,Engine 1,Station 1,Pass!,3.73,-3.09,4.49,-3.69,5.06,-4.14,5.43,-4.52,5.78,-4.96
Machine 1,Family 1,Customer 1,Engine 1,Station 2,Pass!,3.56,-3.68,4.52,-4.19,4.99,-4.55,5.45,-4.95,5.81,-5.2
Machine 1,Family 1,Customer 1,Engine 1,Station 1,Pass!,4.04,-3.64,5.02,-4.04,5.59,-4.44,6.13,-4.73,6.51,-5.05
Machine 1,Family 1,Customer 1,Engine 1,Station 2,Fail!,4.62,-4.82,5.33,-5.64,5.88,-6.24,6.42,-6.73,6.87,-7.15
Machine 1,Family 1,Customer 1,Engine 1,Station 1,Pass!,3.83,-4.57,4.4,-5.25,5.11,-5.68,5.81,-6.05,6.33,-6.42
Machine 1,Family 1,Customer 1,Engine 1,Station 2,Pass!,4.25,-3.64,5.07,-4.28,5.66,-4.8,6.18,-5.22,6.58,-5.51
Machine 1,Family 1,Customer 1,Engine 1,Station 1,Pass!,3.85,-4.6,4.55,-5.19,5.1,-5.62,5.49,-5.93,5.82,-6.26
Machine 1,Family 1,Customer 1,Engine 1,Station 1,Pass!,4.46,-4.88,4.94,-5.24,5.36,-5.57,5.73,-5.85,6.08,-5.77
Machine 1,Family 1,Customer 1,Engine 1,Station 3,Pass!,3.67,-3.64,4.83,-4.25,5.23,-4.75,5.23,-5.22,5.63,-5.56
Machine 1,Family 1,Customer 1,Engine 1,Station 1,Pass!,3.86,-3.24,4.28,-4.08,5.05,-4.78,5.68,-5.31,6.3,-5.82
Machine 1,Family 1,Customer 1,Engine 4,Station 2,Pass!,4.16,-3.09,4.67,-3.8,5.33,-4.7,5.67,-5.22,6.4,-5.74
Machine 1,Family 1,Customer 1,Engine 4,Station 1,Pass!,3.92,-3.66,4.62,-4.51,5.34,-5.04,5.82,-5.53,6.15,-5.78
Machine 1,Family 1,Customer 1,Engine 1,Station 2,Fail!,4.01,-4.7,4.67,-5.34,5.15,-5.81,5.59,-6.19,6.08,-6.45
Machine 1,Family 1,Customer 1,Engine 1,Station 1,Pass!,3.34,-4.5,3.69,-5.11,4.21,-5.78,4.63,-6.06,5.06,-6.19
Machine 1,Family 1,Customer 1,Engine 4,Station 2,Pass!,3.8,-4.42,4.41,-4.85,5.03,-5.47,5.51,-5.79,5.96,-6.09
Machine 1,Family 1,Customer 1,Engine 4,Station 1,Pass!,2.87,-4.12,3.83,-4.64,4.54,-5.42,5.22,-5.82,5.61,-6.15
Machine 1,Family 1,Customer 1,Engine 4,Station 2,Pass!,3.95,-3.69,4.4,-4.23,5.03,-4.76,5.73,-5.33,6.26,-5.65
Machine 1,Family 1,Customer 3,Engine 8,Station 3,Pass!,3.45,-3.62,4.06,-4.15,4.58,-4.69,5.04,-5.09,5.24,-5.46
Machine 1,Family 1,Customer 3,Engine 8,Station 3,Pass!,2.46,-3.65,3.08,-4.18,3.67,-4.81,4.2,-5.17,4.55,-5.46
Machine 1,Family 1,Customer 3,Engine 8,Station 1,Fail!,4.08,-2.88,4.48,-3.52,5.12,-4.21,5.78,-4.63,6.13,-5.05
Machine 1,Family 1,Customer 3,Engine 8,Station 2,Pass!,3.87,-3.15,4.61,-3.67,5.03,-4.27,5.51,-4.64,5.79,-4.99
Machine 1,Family 1,Customer 3,Engine 8,Station 1,Pass!,3.21,-4.32,4.24,-5.15,5.02,-5.75,5.43,-6.06,5.83,-6.45
Machine 1,Family 1,Customer 3,Engine 8,Station 2,Pass!,2.99,-3.17,3.88,-3.6,4.51,-4.05,5.03,-4.42,5.29,-4.73
Machine 1,Family 1,Customer 3,Engine 8,Station 2,Fail!,3.76,-3.47,4.71,-4.09,5.53,-4.77,6.03,-5.2,6.5,-5.53
Machine 1,Family 1,Customer 3,Engine 8,Station 2,Fail!,3.46,-3.75,4.05,-4.18,4.59,-4.6,5.09,-5.02,5.45,-5.37
Machine 1,Family 1,Customer 3,Engine 8,Station 2,Pass!,3.9,-3.37,4.65,-3.96,5.29,-4.42,5.85,-4.75,6.33,-5.34
Machine 1,Family 1,Customer 3,Engine 8,Station 1,Pass!,3.31,-3.32,3.87,-4.08,4.64,-4.66,5.1,-5.22,5.49,-5.57
Machine 1,Family 1,Customer 3,Engine 8,Station 2,Pass!,2.74,-4.03,4.43,-4.61,5.34,-5.06,6.08,-5.51,6.43,-5.81
Machine 1,Family 1,Customer 3,Engine 8,Station 1,Pass!,4.61,-4.09,4.55,-4.45,5.39,-4.83,6.12,-5.34,6.29,-5.59
Machine 1,Family 1,Customer 3,Engine 8,Station 2,Pass!,3.86,-3.83,4.59,-4.31,5.01,-4.69,5.53,-5.19,6.12,-5.51
Machine 1,Family 1,Customer 3,Engine 8,Station 1,Pass!,3.76,-3.9,4.27,-4.35,4.89,-4.74,5.33,-5.15,5.8,-5.52
Machine 1,Family 1,Customer 3,Engine 8,Station 2,Pass!,4.07,-4.55,4.47,-4.82,5.03,-4.84,5.46,-4.81,5.94,-5.36
Machine 1,Family 1,Customer 3,Engine 8,Station 1,Pass!,3.09,-4.11,3.77,-4.7,4.23,-5.4,4.6,-5.74,5,-6.09
Machine 1,Family 1,Customer 3,Engine 8,Station 1,Pass!,4.19,-3.83,5.06,-4.61,5.76,-5.11,5.77,-5.44,6.21,-5.78
Machine 1,Family 1,Customer 3,Engine 8,Station 1,Pass!,4.01,-4.12,4.71,-4.99,5.38,-5.41,5.63,-5.69,6.13,-6.16
Machine 1,Family 1,Customer 3,Engine 8,Station 2,Pass!,3.55,-3.91,4.19,-4.27,4.8,-4.56,5.36,-4.95,5.72,-5.25
Machine 1,Family 1,Customer 3,Engine 8,Station 1,Pass!,3.47,-3.66,4.18,-3.99,4.9,-4.19,5.51,-4.77,6.13,-5.27
Machine 1,Family 1,Customer 3,Engine 8,Station 2,Pass!,3.06,-4.19,3.8,-4.49,4.46,-4.85,5.03,-5.32,5.58,-5.74
Machine 1,Family 1,Customer 3,Engine 8,Station 2,Pass!,3.81,-3.92,4.71,-4.45,5.27,-5.05,5.91,-5.34,6.26,-5.69
Machine 1,Family 1,Customer 3,Engine 8,Station 1,Pass!,3.14,-3.49,3.87,-4.01,4.58,-4.38,5.24,-4.92,5.85,-5.31
Machine 1,Family 1,Customer 1,Engine 4,Station 2,Pass!,4.13,-4.43,4.33,-5.06,4.68,-5.4,5.27,-5.93,5.85,-6.27
Machine 1,Family 1,Customer 1,Engine 4,Station 1,Pass!,3.54,-4.16,4.25,-4.35,4.91,-4.61,5.34,-5.06,5.83,-5.44
Machine 1,Family 1,Customer 1,Engine 4,Station 2,Pass!,3.61,-4.24,4.06,-4.64,4.75,-4.95,5.34,-5.27,5.84,-5.6
Machine 1,Family 1,Customer 1,Engine 4,Station 1,Pass!,3.94,-4.45,4.62,-4.91,4.81,-5.41,5.2,-5.71,5.5,-6.05
Machine 1,Family 1,Customer 2,Engine 2,Station 2,Pass!,3.34,-3.45,3.95,-3.45,4.48,-4.57,5.02,-5.31,5.53,-5.77
Machine 1,Family 1,Customer 2,Engine 2,Station 1,Pass!,3.6,-3.47,4.34,-3.94,4.84,-4.4,5.16,-4.93,5.52,-5.26
Machine 1,Family 1,Customer 2,Engine 2,Station 2,Pass!,2.89,-3.6,3.39,-4.18,4.36,-4.74,5.07,-5.25,5.5,-5.52
Machine 1,Family 1,Customer 2,Engine 2,Station 1,Pass!,3.77,-4.33,4.32,-4.47,5.05,-4.74,5.46,-5.46,5.8,-5.68
Machine 1,Family 1,Customer 2,Engine 2,Station 2,Pass!,3.86,-3.15,4.47,-3.65,5.06,-4.29,5.69,-4.61,5.95,-5.37
Machine 1,Family 1,Customer 2,Engine 2,Station 1,Pass!,3.71,-3.68,4.2,-4.25,4.8,-4.76,4.96,-5.17,5.32,-5.4
Machine 1,Family 1,Customer 2,Engine 2,Station 2,Pass!,3.65,-2.87,4.42,-3.61,4.97,-4.4,5.42,-5.11,5.51,-5.47
Machine 1,Family 1,Customer 2,Engine 2,Station 1,Pass!,2.99,-3.17,3.68,-4.06,4.2,-5.15,4.83,-5.22,5.28,-5.34
Machine 1,Family 1,Customer 2,Engine 2,Station 2,Pass!,2.94,-3.66,3.92,-4,5.19,-4.42,5.66,-4.61,5.98,-5.12
Machine 1,Family 1,Customer 2,Engine 2,Station 1,Pass!,4.06,-3.1,3.72,-3.75,4.47,-4.2,4.92,-4.78,5.48,-5.2
Machine 1,Family 1,Customer 2,Engine 2,Station 2,Fail!,3.24,-4.32,3.58,-2.64,4.07,-2.54,4.35,-4.41,4.39,-4.56
Machine 1,Family 1,Customer 2,Engine 2,Station 1,Pass!,3.66,-3.1,4.17,-3.81,4.56,-4.19,4.88,-4.44,5.3,-5.05
Machine 1,Family 1,Customer 2,Engine 2,Station 2,Pass!,3.72,-4.04,4.3,-4.49,5,-4.71,5.53,-4.63,5.71,-5.18
Machine 1,Family 1,Customer 2,Engine 2,Station 1,Pass!,4.84,-2.95,4.65,-3.63,5.11,-4.22,5.59,-4.69,5.69,-4.95
Machine 1,Family 1,Customer 2,Engine 2,Station 2,Pass!,3.36,-3.03,4.3,-3.53,4.8,-4.17,5.49,-4.67,5.69,-5.43
Machine 1,Family 1,Customer 2,Engine 2,Station 1,Pass!,3.39,-3.84,4.23,-4.41,4.76,-5,5.08,-5.01,5.26,-5.11
Machine 1,Family 1,Customer 2,Engine 2,Station 2,Pass!,3.69,-2.4,4.33,-4,4.86,-4.8,5.46,-5.28,5.63,-5.4
Machine 1,Family 1,Customer 2,Engine 2,Station 1,Pass!,3.11,-3.38,3.77,-2.97,4.46,-5.19,4.96,-5.67,5.39,-6.17
Machine 1,Family 1,Customer 2,Engine 2,Station 2,Pass!,3.27,-3.22,3.87,-4.08,4.58,-4.65,5.21,-4.97,5.96,-5.34
Machine 1,Family 1,Customer 2,Engine 2,Station 1,Pass!,3.71,-3.98,4.36,-4.49,5.06,-4.89,5.44,-5.25,5.9,-5.19
Machine 1,Family 1,Customer 3,Engine 8,Station 2,Pass!,3.68,-3.72,4.44,-4.44,4.99,-4.97,5.56,-5.31,6.03,-5.82
Machine 1,Family 1,Customer 1,Engine 1,Station 1,Pass!,3.63,-3.61,4.23,-4.03,4.76,-4.4,5.04,-4.78,5.46,-5.05
Machine 1,Family 1,Customer 1,Engine 1,Station 2,Pass!,4.11,-4.06,4.92,-4.57,5.45,-5.14,5.87,-5.51,6.38,-5.75
Machine 1,Family 1,Customer 1,Engine 1,Station 2,Pass!,4.3,-3.88,4.9,-4.46,5.27,-5.15,5.63,-5.57,5.76,-5.98
Machine 1,Family 1,Customer 1,Engine 1,Station 1,Pass!,3.88,-4.18,4.61,-4.76,5.13,-5.24,5.59,-5.68,5.77,-5.96
Machine 1,Family 1,Customer 2,Engine 2,Station 2,Pass!,3.47,-3.8,3.77,-4.43,4.47,-4.84,5.11,-5.04,5.61,-5.49
Machine 1,Family 1,Customer 2,Engine 2,Station 2,Pass!,3.73,-3.37,4.92,-3.76,5.31,-4.28,5.59,-4.84,5.89,-5.44
Machine 1,Family 1,Customer 2,Engine 2,Station 1,Pass!,3.55,-3.24,4.08,-4.12,4.68,-4.66,5.21,-5.23,5.57,-5.05
Machine 2,Family 1,Customer 3,Engine 5,Station 3,Pass!,2.99,-3.65,3.59,-4.44,4.16,-4.92,4.55,-5.38,5.01,-5.81
Machine 2,Family 1,Customer 3,Engine 5,Station 2,Pass!,3.78,-3.08,4.36,-3.73,5.01,-4.14,5.48,-4.64,6.02,-5.08
Machine 2,Family 1,Customer 3,Engine 5,Station 1,Pass!,3.48,-3.28,4.11,-3.88,4.74,-4.3,5.3,-4.74,5.73,-5.11
Machine 2,Family 1,Customer 3,Engine 5,Station 2,Pass!,3.79,-3.11,4.4,-3.82,5.05,-4.35,5.53,-4.84,6,-5.29
Machine 2,Family 1,Customer 3,Engine 5,Station 1,Pass!,3.47,-4.16,4.18,-4.45,4.86,-4.99,5.33,-5.36,5.78,-5.8
Machine 2,Family 1,Customer 3,Engine 5,Station 2,Pass!,3.2,-3.38,3.71,-3.97,4.35,-4.45,4.84,-4.94,5.26,-5.34
Machine 2,Family 1,Customer 3,Engine 5,Station 1,Pass!,3.25,-3.31,3.98,-3.78,4.68,-4.29,5.36,-4.69,5.97,-5.2
Machine 2,Family 1,Customer 3,Engine 5,Station 2,Pass!,3.16,-3.79,3.81,-4.17,4.36,-4.56,4.91,-5.08,5.43,-5.57
Machine 2,Family 1,Customer 3,Engine 5,Station 1,Pass!,3.69,-3.54,4.14,-3.98,4.78,-4.31,5.23,-4.8,5.73,-5.3
Machine 2,Family 1,Customer 3,Engine 5,Station 2,Pass!,3.22,-3.26,3.96,-3.74,4.52,-4.36,4.99,-4.82,5.47,-5.21
Machine 2,Family 1,Customer 3,Engine 5,Station 1,Pass!,3.76,-3.86,4.37,-4.37,5.02,-4.77,5.52,-5.25,6.11,-5.65
Machine 2,Family 1,Customer 3,Engine 5,Station 2,Pass!,3.45,-3.36,4.08,-3.86,4.67,-4.28,5.16,-4.73,5.63,-5.19
Machine 2,Family 1,Customer 3,Engine 5,Station 1,Pass!,3.21,-3.54,3.77,-4.03,4.42,-4.4,4.9,-4.83,5.39,-5.27
Machine 2,Family 1,Customer 3,Engine 5,Station 2,Pass!,3.13,-3.4,3.67,-3.91,4.35,-4.36,4.86,-4.75,5.37,-5.27
Machine 2,Family 1,Customer 3,Engine 5,Station 1,Pass!,2.59,-4.27,2.96,-4.69,3.46,-5.04,3.96,-5.46,4.46,-5.91
Machine 2,Family 1,Customer 3,Engine 5,Station 2,Pass!,2.76,-3.89,3.35,-4.67,3.93,-5.01,4.43,-5.55,4.9,-5.95
Machine 2,Family 1,Customer 3,Engine 5,Station 1,Pass!,2.98,-4.03,3.56,-4.42,4.13,-5.03,4.63,-5.49,5.18,-6.08
Machine 2,Family 1,Customer 3,Engine 5,Station 2,Pass!,3.47,-3.39,4.01,-3.73,4.56,-4.23,5.05,-4.62,5.57,-5.15
Machine 2,Family 1,Customer 3,Engine 5,Station 1,Pass!,3.66,-3.45,4.18,-3.95,4.82,-4.26,5.3,-4.67,5.85,-5.1
Machine 2,Family 1,Customer 3,Engine 5,Station 2,Pass!,2.39,-3.83,2.93,-4.43,3.39,-4.79,3.9,-5.27,4.46,-5.76
Machine 2,Family 1,Customer 3,Engine 3,Station 1,Pass!,4.17,-3.09,4.89,-3.78,5.51,-4.28,5.99,-4.75,6.47,-5.18
Machine 2,Family 1,Customer 3,Engine 9,Station 2,Pass!,3.39,-3.7,3.98,-4.25,4.71,-4.69,5.18,-5.18,5.66,-5.55
Machine 2,Family 1,Customer 3,Engine 9,Station 1,Pass!,2.81,-3.5,3.47,-4.1,3.96,-4.51,4.48,-4.92,4.95,-5.35
Machine 2,Family 1,Customer 3,Engine 9,Station 2,Pass!,3.87,-3.03,4.49,-3.47,5.21,-4,5.71,-4.45,6.33,-4.86
Machine 2,Family 1,Customer 3,Engine 9,Station 1,Pass!,2.58,-4.01,3.33,-4.57,4.03,-5.15,4.53,-5.56,5.09,-6.07
Machine 2,Family 1,Customer 3,Engine 9,Station 2,Fail!,4.23,-2.92,4.96,-3.43,5.66,-3.87,6.24,-4.3,6.74,-4.69
Machine 2,Family 1,Customer 3,Engine 9,Station 2,Pass!,3.8,-4.04,4.61,-4.19,5.21,-4.55,5.82,-4.9,6.18,-5.19
Machine 2,Family 1,Customer 3,Engine 9,Station 1,Pass!,3.18,-3.23,3.74,-3.85,4.41,-4.32,4.98,-4.84,5.54,-5.26
Machine 2,Family 1,Customer 1,Engine 1,Station 2,Pass!,3.05,-4.43,3.66,-5.08,4.28,-5.48,4.84,-5.98,5.24,-6.45
Machine 2,Family 1,Customer 1,Engine 1,Station 2,Pass!,4.01,-3.14,4.59,-3.81,5.34,-4.25,5.75,-4.83,6.32,-5.22
Machine 2,Family 1,Customer 1,Engine 1,Station 1,Pass!,3.79,-4.4,4.58,-5.11,5.21,-5.75,5.81,-6.28,6.25,-6.95
Machine 2,Family 1,Customer 3,Engine 5,Station 1,Pass!,3.27,-3.47,3.78,-4.01,4.37,-4.5,4.86,-5.01,5.43,-5.54
Machine 2,Family 1,Customer 3,Engine 5,Station 2,Pass!,3.94,-3.56,4.75,-3.98,5.44,-4.45,5.96,-4.96,6.51,-5.45
Machine 2,Family 1,Customer 3,Engine 5,Station 1,Fail!,2.72,-5.14,3.31,-5.73,3.86,-6.22,4.52,-6.72,5.13,-7.32
Machine 2,Family 1,Customer 3,Engine 5,Station 2,Fail!,3.69,-13.12,4.4,0,4.95,0,5.45,0,6.05,0
Machine 2,Family 1,Customer 3,Engine 5,Station 1,Pass!,3.28,-2.76,4.04,-3.28,4.64,-3.81,5.26,-4.3,5.75,-4.79
Machine 2,Family 1,Customer 3,Engine 5,Station 2,Fail!,2.76,-6.52,3.32,-7.21,3.9,-8.12,4.47,-8.79,4.97,-9.86
Machine 2,Family 1,Customer 3,Engine 5,Station 1,Pass!,2.76,-3.64,3.25,-4.08,3.78,-4.54,4.22,-5,4.86,-5.39
Machine 2,Family 1,Customer 3,Engine 10,Station 1,Pass!,3.92,-3.75,4.37,-4.26,4.94,-4.82,5.5,-5.41,5.85,-5.92
Machine 2,Family 1,Customer 3,Engine 10,Station 1,Pass!,4.18,-4.25,4.66,-4.72,5.22,-5.22,5.74,-5.77,6.17,-6.19
Machine 2,Family 1,Customer 3,Engine 10,Station 2,Pass!,4.28,-4.34,4.8,-4.76,5.36,-5.22,5.89,-5.83,6.22,-6.3
Machine 2,Family 1,Customer 3,Engine 10,Station 1,Pass!,3.75,-4.26,4.2,-4.86,4.65,-5.56,5.12,-6.03,5.47,-6.39
Machine 2,Family 1,Customer 3,Engine 10,Station 1,Pass!,3.88,-4.18,4.39,-4.68,4.89,-5.24,5.51,-5.74,5.93,-5.98
Machine 2,Family 1,Customer 3,Engine 10,Station 2,Pass!,4.05,-3.54,4.54,-4.08,5.08,-4.88,5.44,-5.9,5.93,-7.01
Machine 2,Family 1,Customer 3,Engine 10,Station 1,Pass!,4.31,-3.99,4.83,-4.41,5.37,-5,5.78,-5.5,6.13,-5.83
Machine 2,Family 1,Customer 3,Engine 10,Station 2,Pass!,3.91,-4.38,4.38,-4.89,4.93,-5.37,5.52,-6.05,5.89,-6.71
Machine 2,Family 1,Customer 3,Engine 10,Station 1,Pass!,3.8,-4,4.28,-4.1,4.89,-4.6,5.22,-5.02,5.93,-5.61
Machine 2,Family 1,Customer 3,Engine 11,Station 1,Fail!,4.05,-4.64,4.54,-5.12,5.02,-5.64,5.44,-6.08,5.81,-6.45
Machine 2,Family 1,Customer 3,Engine 9,Station 1,Pass!,3.21,-3.33,3.81,-3.77,4.52,-4.32,5.1,-4.76,5.53,-5.19
Machine 2,Family 1,Customer 3,Engine 9,Station 2,Pass!,2.93,-3.86,3.55,-4.46,4.18,-5.08,4.63,-5.52,5.09,-6.04
Machine 2,Family 1,Customer 3,Engine 9,Station 1,Pass!,3.55,-3.48,4.25,-4.03,4.87,-4.48,5.33,-4.96,5.87,-5.37
Machine 2,Family 1,Customer 3,Engine 9,Station 2,Pass!,3.43,-3.56,4.17,-4.07,4.77,-4.5,5.27,-5.02,5.76,-5.42
Machine 2,Family 1,Customer 3,Engine 9,Station 1,Pass!,3.58,-3.4,4.23,-4.07,4.94,-4.49,5.45,-5.01,5.97,-5.39
Machine 2,Family 1,Customer 1,Engine 12,Station 2,Pass!,2.99,-3.16,3.62,-3.62,4.09,-3.98,4.66,-4.73,5.17,-5.31
Machine 2,Family 1,Customer 3,Engine 13,Station 1,Pass!,1.93,-3.12,2.62,-3.55,3.06,-4.02,3.56,-4.5,3.93,-4.78
Machine 2,Family 1,Customer 3,Engine 13,Station 2,Pass!,2.55,-3.22,3.1,-3.67,3.85,-4.22,4.22,-4.57,4.75,-4.86
Machine 2,Family 1,Customer 3,Engine 13,Station 1,Pass!,2.46,-3.23,2.82,-3.63,3.28,-3.97,3.78,-4.59,4.21,-4.84
Machine 2,Family 1,Customer 3,Engine 13,Station 2,Pass!,3.74,-3.35,3.15,-3.83,4.21,-4.46,4.59,-4.98,5.04,-5.29
Machine 2,Family 1,Customer 3,Engine 13,Station 1,Pass!,3.15,-2.72,3.59,-3.24,4.31,-3.78,4.86,-4.35,5.42,-4.86
Machine 2,Family 1,Customer 3,Engine 13,Station 2,Pass!,3.2,-3.78,3.78,-4.16,4.31,-4.58,5.1,-5.19,5.77,-5.41
Machine 2,Family 1,Customer 3,Engine 13,Station 1,Pass!,2.87,-3.01,3.26,-3.52,3.82,-4.22,4.44,-4.85,4.7,-5.31
Machine 2,Family 1,Customer 1,Engine 1,Station 2,Fail!,3.25,-3.54,3.86,-3.98,4.33,-4.4,4.9,-4.79,5.46,-5.3
Machine 2,Family 1,Customer 1,Engine 1,Station 1,Pass!,2.87,-3.22,3.51,-3.73,4.04,-4.22,4.52,-4.73,5.12,-5.2
Machine 2,Family 1,Customer 1,Engine 1,Station 1,Fail!,3.55,-3.22,4.27,-3.61,4.85,-4.23,5.36,-4.71,5.58,-5.23
Machine 2,Family 1,Customer 1,Engine 1,Station 2,Fail!,3.11,-3.9,3.67,-4.37,4.24,-4.85,4.78,-5.31,5.28,-5.77
Machine 2,Family 1,Customer 1,Engine 1,Station 1,Pass!,3.57,-3.7,4.03,-4.07,4.61,-4.53,5.16,-4.94,5.69,-5.4
Machine 2,Family 1,Customer 1,Engine 1,Station 3,Pass!,2.95,-4.04,3.58,-4.49,3.97,-4.99,4.53,-5.39,5.01,-5.95
Machine 2,Family 1,Customer 1,Engine 1,Station 1,Pass!,3.81,-2.8,4.31,-3.36,4.79,-3.86,5.34,-4.25,5.86,-4.74
Machine 2,Family 1,Customer 1,Engine 1,Station 2,Pass!,3.25,-3.56,3.8,-4.05,4.47,-4.63,4.95,-5.12,5.5,-5.64
Machine 2,Family 1,Customer 1,Engine 1,Station 1,Pass!,2.66,-3.73,3.29,-4.39,3.95,-4.94,4.58,-5.45,5.07,-5.86
Machine 2,Family 1,Customer 1,Engine 1,Station 2,Pass!,2.6,-3.62,3.24,-4.18,3.97,-4.78,4.58,-5.21,5.06,-5.73
Machine 2,Family 1,Customer 1,Engine 1,Station 1,Fail!,3.31,-3.22,3.9,-3.61,4.51,-4.13,4.99,-4.54,5.51,-5.04
Machine 2,Family 1,Customer 1,Engine 1,Station 1,Pass!,3.39,-3.11,3.89,-3.61,4.55,-4.14,5.05,-4.61,5.65,-5.07
Machine 2,Family 1,Customer 1,Engine 1,Station 2,Pass!,3.43,-3.07,4.08,-3.63,4.66,-4.04,5.15,-4.52,5.59,-5.1
Machine 2,Family 1,Customer 3,Engine 5,Station 1,Fail!,2.52,-3.63,3.19,-4.11,3.81,-4.72,4.31,-5.16,4.78,-5.57
Machine 2,Family 1,Customer 3,Engine 5,Station 1,Fail!,2.65,-3.31,3.3,-3.95,3.87,-4.54,4.38,-5.1,4.84,-5.6
Machine 2,Family 1,Customer 3,Engine 5,Station 2,Fail!,2.83,-4.47,3.4,-5.25,3.94,-5.76,4.44,-6.41,4.93,-6.83
Machine 2,Family 1,Customer 3,Engine 5,Station 1,Fail!,2.55,-3.31,3.27,-4.04,3.78,-4.61,4.39,-5.13,4.81,-5.67
Machine 2,Family 1,Customer 3,Engine 5,Station 2,Pass!,3.23,-3.23,3.84,-4.22,4.61,-4.71,5.11,-5.21,5.51,-5.65
Machine 2,Family 1,Customer 3,Engine 5,Station 1,Pass!,3.33,-3.01,4.14,-3.73,4.72,-4.21,5.29,-4.72,5.78,-5.19
Machine 2,Family 1,Customer 3,Engine 5,Station 2,Pass!,3.29,-3.48,3.71,-3.89,4.2,-4.18,4.73,-4.56,5.19,-4.99
Machine 2,Family 1,Customer 3,Engine 5,Station 1,Pass!,2.72,-3.78,3.41,-4.23,4.07,-4.78,4.55,-5.23,4.72,-5.71
Machine 2,Family 1,Customer 3,Engine 5,Station 2,Pass!,3.35,-3.38,3.81,-3.76,4.38,-4.13,4.87,-4.55,5.32,-4.98
Machine 2,Family 1,Customer 3,Engine 5,Station 1,Pass!,3.04,-3.27,3.73,-4.03,4.37,-4.41,4.92,-4.97,5.34,-5.45
Machine 2,Family 1,Customer 3,Engine 5,Station 2,Pass!,3.5,-4.58,4.18,-5.11,4.75,-5.61,5.18,-6.09,5.64,-6.63
Machine 2,Family 1,Customer 3,Engine 5,Station 1,Pass!,3.87,-3.1,4.52,-3.84,5.22,-4.38,5.75,-4.95,6.24,-5.42
Machine 2,Family 1,Customer 3,Engine 5,Station 2,Pass!,3.43,-3.23,3.99,-3.79,4.62,-4.19,5.17,-4.55,5.74,-5.08
Machine 2,Family 1,Customer 3,Engine 5,Station 2,Pass!,3.36,-3.25,3.99,-3.76,4.63,-4.35,5.05,-5.1,5.51,-5.58
Machine 2,Family 1,Customer 3,Engine 5,Station 1,Pass!,2.34,-3.62,2.84,-4.02,3.34,-4.5,3.91,-4.95,4.38,-5.47
Machine 2,Family 1,Customer 3,Engine 5,Station 2,Fail!,2.63,-3.37,3.3,-3.97,3.86,-4.66,4.31,-5.1,4.73,-5.7
Machine 2,Family 1,Customer 3,Engine 5,Station 1,Pass!,3.36,-2.61,4.11,-3.17,4.67,-3.96,5.27,-4.53,5.73,-5.04
Machine 2,Family 1,Customer 3,Engine 5,Station 2,Pass!,3.99,-3.75,4.8,-4.41,5.35,-4.69,5.84,-5.16,6.14,-5.57
Machine 2,Family 1,Customer 3,Engine 5,Station 1,Pass!,3.35,-3.57,4.01,-4.34,4.71,-4.92,5.18,-5.36,5.54,-5.84
Machine 2,Family 1,Customer 3,Engine 5,Station 2,Fail!,4.9,-4.09,5.61,-4.52,6.12,-4.95,6.43,-5.38,6.84,-5.83
Machine 2,Family 1,Customer 3,Engine 5,Station 1,Fail!,3.46,-3.58,4.32,-4.17,5.03,-4.62,5.55,-5.03,6.07,-5.5
Machine 2,Family 1,Customer 3,Engine 5,Station 2,Pass!,3.99,-3.1,4.82,-3.92,5.54,-4.41,5.98,-4.89,6.46,-5.33
Machine 2,Family 1,Customer 3,Engine 5,Station 2,Pass!,3.1,-3.39,3.64,-4.01,4.31,-4.55,4.82,-5.05,5.33,-5.48
Machine 2,Family 1,Customer 3,Engine 5,Station 1,Fail!,3.35,-3.76,4,-4.18,4.53,-4.55,5.08,-5.02,5.47,-5.54
Machine 2,Family 1,Customer 3,Engine 5,Station 2,Pass!,3.27,-3.1,3.73,-3.56,4.3,-4.13,4.79,-4.52,5.25,-5.04
Machine 2,Family 1,Customer 3,Engine 5,Station 1,Pass!,3.45,-3.37,3.99,-3.95,4.65,-4.42,5.05,-4.87,5.62,-5.39
Machine 2,Family 1,Customer 3,Engine 5,Station 2,Pass!,2.93,-4.22,3.65,-4.3,4.18,-4.78,4.7,-5.17,5.11,-5.64
Machine 2,Family 1,Customer 3,Engine 5,Station 1,Pass!,3.82,-3.12,4.4,-3.48,4.9,-3.9,5.45,-4.31,5.96,-4.75
Machine 2,Family 1,Customer 3,Engine 5,Station 2,Pass!,3.24,-3.3,3.7,-3.62,4.42,-4.2,4.85,-4.64,5.34,-5.09
Machine 2,Family 1,Customer 3,Engine 5,Station 1,Pass!,2.58,-4.15,3.25,-4.69,3.98,-5.3,4.47,-5.74,4.96,-6.22
Machine 2,Family 1,Customer 1,Engine 4,Station 2,Pass!,4.29,-3.44,4.91,-4.16,5.49,-4.86,5.94,-5.38,6.41,-5.87
Machine 2,Family 1,Customer 1,Engine 4,Station 1,Pass!,3.33,-4.34,3.98,-5,4.69,-5.54,5.15,-6.04,5.65,-6.43
Machine 2,Family 1,Customer 1,Engine 4,Station 2,Pass!,3.71,-3.53,4.34,-4.19,4.94,-4.64,5.51,-5.24,6.18,-5.67
Machine 2,Family 1,Customer 1,Engine 4,Station 1,Pass!,3.79,-4.05,4.45,-4.44,5.19,-4.86,5.64,-5.33,6.15,-5.79
Machine 2,Family 1,Customer 1,Engine 4,Station 2,Pass!,4.44,-3.57,5.16,-4.33,5.79,-4.91,6.19,-5.45,6.68,-5.91
Machine 2,Family 1,Customer 1,Engine 4,Station 1,Pass!,3.53,-3.94,4.19,-4.64,4.72,-5.21,5.16,-5.65,5.52,-6.21
Machine 2,Family 1,Customer 1,Engine 4,Station 2,Fail!,4.5,-6.32,5.17,-6.82,5.75,-7.27,6.23,-7.67,6.66,-8.14
Machine 2,Family 1,Customer 1,Engine 4,Station 1,Pass!,3.98,-4.05,4.85,-4.67,5.31,-5.33,5.8,-5.69,6.24,-6.24
Machine 2,Family 1,Customer 1,Engine 4,Station 1,Pass!,3.61,-3.32,4.26,-3.98,4.94,-4.5,5.42,-5.17,5.86,-5.5
Machine 2,Family 1,Customer 3,Engine 5,Station 1,Fail!,3.3,-4.95,3.88,-6.27,4.49,-7.16,4.97,-8.04,5.37,-8.84
Machine 2,Family 1,Customer 3,Engine 5,Station 2,Pass!,3.87,-3.53,4.47,-4.04,5.09,-4.51,5.69,-5.05,6.05,-5.55
Machine 2,Family 1,Customer 3,Engine 5,Station 1,Pass!,3.17,-3.94,3.96,-4.82,4.53,-5.36,4.97,-5.85,5.51,-6.27
Machine 2,Family 1,Customer 3,Engine 5,Station 2,Pass!,3.72,-3.26,4.38,-3.63,5,-4.12,5.59,-4.46,6.09,-5
Machine 2,Family 1,Customer 3,Engine 11,Station 1,Pass!,3.88,-4.2,4.41,-4.61,4.9,-5.18,5.49,-5.61,6.18,-5.96
Machine 2,Family 1,Customer 3,Engine 11,Station 2,Pass!,3.85,-3.9,4.29,-4.41,4.78,-5.2,5.17,-5.62,5.67,-6.01
Machine 2,Family 1,Customer 3,Engine 11,Station 3,Pass!,3.87,-3.16,4.39,-3.84,4.96,-4.37,5.49,-4.88,5.92,-5.21
Machine 2,Family 1,Customer 3,Engine 11,Station 2,Pass!,3.74,-3.66,4.04,-3.77,4.53,-4.38,5.08,-4.89,5.5,-5.43
Machine 2,Family 1,Customer 3,Engine 11,Station 1,Pass!,3.09,-3.74,4.29,-4.35,4.95,-4.82,5.68,-5.46,6.07,-5.79
Machine 2,Family 1,Customer 3,Engine 11,Station 1,Pass!,3.75,-3.31,4.2,-3.95,4.84,-4.61,5.44,-5.2,5.65,-5.69
Machine 2,Family 1,Customer 3,Engine 11,Station 2,Pass!,3.73,-3.17,4.42,-3.61,5.04,-4.14,5.93,-4.59,6.17,-4.86
Machine 2,Family 1,Customer 3,Engine 11,Station 1,Pass!,3.84,-3.23,4.33,-3.92,4.98,-4.37,5.63,-5.02,5.86,-5.15
Machine 2,Family 1,Customer 3,Engine 11,Station 2,Pass!,3.94,-3.22,4.48,-3.95,4.96,-4.66,5.56,-5.29,5.87,-5.66
Machine 2,Family 1,Customer 3,Engine 11,Station 1,Pass!,3.71,-3.35,4.29,-4.15,4.89,-4.81,5.6,-5.43,5.86,-5.73
Machine 2,Family 1,Customer 3,Engine 11,Station 1,Pass!,3.29,-3.94,4.4,-4.54,5.31,-5.09,6.04,-5.78,5.13,-6.16
Machine 2,Family 1,Customer 3,Engine 11,Station 2,Pass!,3.28,-3.47,3.76,-3.97,4.35,-4.63,4.84,-5.03,5.22,-5.37
Machine 2,Family 1,Customer 3,Engine 11,Station 1,Pass!,4.11,-2.94,4.69,-3.82,5.27,-4.46,5.79,-4.91,6.49,-5.19
Machine 2,Family 1,Customer 3,Engine 11,Station 1,Pass!,3.59,-4.15,4.14,-4.68,4.7,-5.34,5.26,-5.89,5.67,-6.26
Machine 2,Family 1,Customer 3,Engine 11,Station 1,Pass!,3.98,-3.17,4.62,-4.04,4.83,-4.85,5.39,-5.53,5.58,-5.97
Machine 2,Family 1,Customer 3,Engine 11,Station 2,Pass!,3.23,-3.32,3.96,-4.03,5.09,-4.76,5.74,-5.22,6.37,-5.78
Machine 2,Family 1,Customer 3,Engine 11,Station 2,Pass!,3.83,-3.67,4,-4.09,4.7,-5.01,5.41,-5.35,6,-5.77
Machine 2,Family 1,Customer 3,Engine 3,Station 1,Pass!,2.52,-3.65,3.08,-4,3.68,-4.4,4.18,-4.82,4.7,-5.36
Machine 2,Family 1,Customer 3,Engine 3,Station 1,Pass!,3.63,-3.54,4.28,-4.02,4.79,-4.55,5.4,-4.89,5.92,-5.41
Machine 2,Family 1,Customer 1,Engine 1,Station 2,Fail!,2.69,-3.35,3.26,-3.74,3.69,-4.19,4.19,-4.55,4.78,-4.92
Machine 2,Family 1,Customer 1,Engine 1,Station 1,Pass!,2.82,-3.38,3.4,-3.81,3.84,-4.25,4.36,-4.68,5.01,-5.2
Machine 2,Family 1,Customer 1,Engine 1,Station 1,Pass!,2.6,-3.52,3.1,-4.02,3.64,-4.46,4.18,-4.92,4.75,-5.44
Machine 2,Family 1,Customer 1,Engine 1,Station 2,Pass!,2.96,-3.16,3.54,-3.64,4.17,-4.11,4.62,-4.46,5.17,-4.85
Machine 2,Family 1,Customer 1,Engine 1,Station 3,Pass!,3.51,-2.74,4.03,-3.39,4.56,-3.76,4.94,-4.2,5.37,-4.67
Machine 2,Family 1,Customer 1,Engine 1,Station 2,Fail!,3.52,-4.57,4.41,-5.2,5.05,-5.82,5.57,-6.32,5.93,-6.83
Machine 2,Family 1,Customer 1,Engine 1,Station 3,Pass!,4.4,-3.86,4.91,-4.44,5.43,-4.78,5.92,-5.28,6.41,-5.7
Machine 2,Family 1,Customer 1,Engine 1,Station 3,Pass!,3.66,-2.92,4.32,-3.84,4.89,-4.52,5.57,-5.1,6.04,-5.7
Machine 2,Family 1,Customer 1,Engine 1,Station 2,Pass!,3.77,-4.22,4.45,-5.03,5,-5.64,5.4,-5.52,5.82,-5.66
Machine 2,Family 1,Customer 1,Engine 1,Station 1,Pass!,3.6,-2.93,4.2,-3.49,4.74,-3.97,5.35,-4.37,5.82,-4.92
Machine 2,Family 1,Customer 1,Engine 1,Station 2,Pass!,2.78,-3.77,3.4,-4.32,3.96,-4.67,4.54,-5.15,5.03,-5.59
Machine 2,Family 1,Customer 1,Engine 1,Station 1,Pass!,3.37,-4.07,4.1,-4.78,4.73,-5.38,5.21,-5.77,5.73,-6.29
Machine 2,Family 1,Customer 1,Engine 1,Station 2,Pass!,3.13,-4.39,3.64,-4.83,4.26,-5.31,4.78,-5.75,5.34,-6.27
Machine 2,Family 1,Customer 1,Engine 1,Station 1,Pass!,3.13,-3.06,3.61,-3.55,4.19,-3.99,4.6,-4.32,5.12,-4.79
Machine 2,Family 1,Customer 1,Engine 1,Station 2,Pass!,2.85,-3.56,3.37,-3.94,3.95,-4.21,4.27,-4.67,4.7,-5.09
Machine 2,Family 1,Customer 1,Engine 1,Station 1,Pass!,2.85,-3.74,3.38,-4.2,3.97,-4.76,4.53,-5.17,5.09,-5.68
Machine 2,Family 1,Customer 1,Engine 1,Station 2,Pass!,2.99,-3.41,3.83,-4.14,4.49,-4.63,4.97,-5.2,5.48,-5.67
Machine 2,Family 1,Customer 1,Engine 1,Station 1,Pass!,2.82,-3.93,3.7,-4.53,4.27,-5.11,4.85,-5.54,5.32,-5.99
Machine 2,Family 1,Customer 1,Engine 4,Station 2,Pass!,4.05,-3.63,4.54,-4.1,5.15,-4.64,5.66,-5.01,6.1,-5.63
Machine 2,Family 1,Customer 1,Engine 4,Station 1,Pass!,3.4,-3.89,4.19,-4.45,4.71,-4.93,5.24,-5.47,5.65,-5.87
Machine 2,Family 1,Customer 1,Engine 4,Station 3,Pass!,3.75,-2.77,4.45,-3.19,5.01,-3.73,5.54,-4.11,5.87,-4.68
Machine 2,Family 1,Customer 1,Engine 4,Station 1,Pass!,3.67,-3.53,4.32,-3.89,4.72,-4.44,5.22,-4.86,5.75,-5.36
Machine 2,Family 1,Customer 1,Engine 4,Station 2,Pass!,3.33,-3.63,3.98,-4.07,4.43,-4.47,4.98,-4.87,5.47,-5.39
Machine 2,Family 1,Customer 1,Engine 4,Station 1,Pass!,3.47,-4.25,3.96,-4.72,4.38,-5.11,4.83,-5.48,5.3,-6.03
Machine 2,Family 1,Customer 1,Engine 4,Station 1,Pass!,3.66,-3.7,4.34,-4.51,4.9,-5.09,5.4,-5.63,5.85,-6.09
Machine 2,Family 1,Customer 1,Engine 4,Station 2,Pass!,3.2,-3.31,3.64,-4.14,4.51,-4.88,5.21,-5.5,5.84,-6.13
Machine 2,Family 1,Customer 3,Engine 5,Station 1,Pass!,3.37,-3.66,3.99,-4.19,4.55,-4.64,5.2,-5.15,5.59,-5.65
Machine 2,Family 1,Customer 3,Engine 5,Station 2,Pass!,3.28,-3.22,3.93,-3.6,4.51,-4.01,5.09,-4.42,5.58,-4.86
Machine 2,Family 1,Customer 3,Engine 5,Station 1,Pass!,3.65,-3.27,4.31,-3.64,4.81,-4.11,5.35,-4.5,5.93,-4.98
Machine 2,Family 1,Customer 1,Engine 4,Station 2,Pass!,3.87,-3.32,4.48,-3.77,5.16,-4.13,5.65,-4.55,6.28,-5.05
Machine 2,Family 1,Customer 1,Engine 4,Station 1,Pass!,4.16,-4.39,4.81,-4.89,5.29,-5.2,5.78,-5.58,6.25,-6.04
Machine 2,Family 1,Customer 1,Engine 4,Station 2,Pass!,3.35,-3.57,4.2,-4.31,4.64,-4.82,5.18,-5.31,5.63,-5.82
Machine 2,Family 1,Customer 3,Engine 11,Station 3,Pass!,3.57,-3.47,4.44,-3.72,5.3,-4.53,6.02,-5.14,6.1,-5.83
Machine 2,Family 1,Customer 3,Engine 11,Station 2,Pass!,3.1,-4.18,3.84,-4.14,4.74,-4.27,5.44,-5.58,5.87,-5.56
Machine 2,Family 1,Customer 3,Engine 11,Station 1,Pass!,3.34,-3.43,3.84,-3.97,4.55,-4.74,5.28,-5.39,5.84,-5.66
Machine 2,Family 1,Customer 3,Engine 11,Station 2,Pass!,3.05,-3.76,3.71,-3.96,4.48,-4.44,5.11,-5.45,5.64,-5.91
Machine 2,Family 1,Customer 3,Engine 11,Station 1,Pass!,3.6,-3.48,4.18,-4.01,4.81,-4.6,5.28,-5.19,5.9,-5.76
Machine 2,Family 1,Customer 3,Engine 11,Station 2,Pass!,3.42,-2.98,3.9,-3.86,4.73,-4.33,5.17,-5.01,5.8,-5.46
Machine 3,Family 1,Customer 1,Engine 12,Station 2,Pass!,4.33,-3.02,5.03,-3.51,5.54,-4.22,5.55,-4.69,6.17,-5.27
Machine 3,Family 1,Customer 1,Engine 12,Station 2,Pass!,4.34,-2.88,4.96,-3.54,5.67,-4.12,5.87,-4.66,6.14,-5.15
Machine 3,Family 1,Customer 1,Engine 12,Station 1,Pass!,3.8,-4.44,4.37,-4.85,5.11,-5.38,5.53,-5.9,5.96,-6.3
Machine 3,Family 1,Customer 1,Engine 12,Station 2,Pass!,3.71,-2.38,4.57,-4.14,5.04,-4.82,5.73,-5.27,6.21,-5.57
Machine 3,Family 1,Customer 1,Engine 12,Station 1,Pass!,3.71,-3.02,4.21,-3.6,5,-4.11,5.43,-4.69,5.93,-5.05
Machine 3,Family 1,Customer 1,Engine 12,Station 2,Pass!,4.14,-3.64,4.96,-4.28,5.26,-4.89,5.78,-5.39,6.15,-5.88
Machine 3,Family 1,Customer 1,Engine 12,Station 1,Pass!,3.59,-4.03,4.66,-4.6,5.22,-5.06,5.76,-5.53,6.29,-5.79
Machine 3,Family 1,Customer 1,Engine 12,Station 2,Pass!,3.44,-2.83,4.11,-3.89,4.57,-4.42,5.53,-4.89,6.23,-5.36
Machine 3,Family 1,Customer 1,Engine 12,Station 1,Pass!,4.07,-3.1,4.91,-3.68,5.52,-4.46,5.93,-5.02,6.45,-5.52
Machine 3,Family 1,Customer 1,Engine 12,Station 2,Pass!,4.57,-4.07,5.15,-4.57,5.47,-5.25,5.57,-5.69,5.93,-6.13
Machine 3,Family 1,Customer 1,Engine 12,Station 1,Pass!,3.39,-3.2,3.96,-3.62,4.4,-4,4.54,-4.44,4.88,-4.9
Machine 3,Family 1,Customer 1,Engine 12,Station 2,Pass!,3.57,-3.12,4.3,-3.81,4.93,-4.41,5.5,-5.04,5.93,-5.46
Machine 3,Family 1,Customer 1,Engine 12,Station 1,Pass!,3.36,-4.18,4.05,-4.83,4.68,-5.37,5.06,-5.86,5.41,-6.24
Machine 3,Family 1,Customer 1,Engine 12,Station 1,Pass!,3.3,-3.73,4.29,-4.2,5.1,-4.65,5.79,-5.18,6.25,-5.67
Machine 3,Family 1,Customer 1,Engine 12,Station 1,Pass!,3.4,-3.6,3.97,-3.93,4.66,-4.53,5.14,-5.09,5.43,-5.63
Machine 3,Family 1,Customer 1,Engine 12,Station 2,Pass!,2.96,-3.76,3.5,-4.45,4.25,-5.2,4.75,-5.79,5.28,-6.38
Machine 3,Family 1,Customer 1,Engine 12,Station 1,Pass!,4.06,-3.67,5.01,-4.16,5.56,-4.87,6.11,-5.4,6.57,-5.96
Machine 3,Family 1,Customer 1,Engine 1,Station 2,Pass!,2.73,-3.4,3.32,-3.96,3.78,-4.43,4.3,-4.82,4.83,-5.19
Machine 3,Family 1,Customer 1,Engine 6,Station 1,Pass!,4.2,-4.24,4.76,-4.74,5.52,-5.31,6.12,-5.83,6.72,-6.32
Machine 3,Family 1,Customer 1,Engine 6,Station 2,Pass!,3.8,-3.68,4.6,-4.15,5.14,-4.52,5.8,-4.98,6.4,-5.4
Machine 3,Family 1,Customer 1,Engine 6,Station 1,Pass!,3.89,-4.01,4.54,-4.31,5.06,-4.76,5.55,-5.2,6.12,-5.76
Machine 3,Family 1,Customer 1,Engine 6,Station 2,Pass!,4.06,-3.32,4.83,-3.8,5.34,-4.18,5.94,-4.67,6.37,-5.17
Machine 3,Family 1,Customer 1,Engine 6,Station 1,Pass!,3.67,-4.19,4.19,-4.61,4.95,-4.91,5.49,-5.25,6.04,-5.84
Machine 3,Family 1,Customer 1,Engine 6,Station 2,Pass!,4.33,-3.79,4.98,-4.29,5.56,-4.74,6.04,-5.32,6.73,-5.85
Machine 3,Family 1,Customer 1,Engine 6,Station 1,Pass!,3.67,-4.08,4.31,-4.63,5.05,-5.12,5.59,-5.67,6.1,-6.17
Machine 3,Family 1,Calibration,Engine 7,Station 2,Pass!,3.62,-3.59,4.35,-4.41,4.84,-4.86,5.29,-5.45,5.56,-5.9
Machine 3,Family 1,Customer 3,Engine 5,Station 1,Fail!,3.93,-4.33,5.14,-4.74,6.36,-5.35,7.07,-5.84,8.23,-6.46
Machine 3,Family 1,Customer 3,Engine 5,Station 2,Fail!,3.34,-2.99,4.03,-3.44,4.53,-3.79,5.02,-4.24,5.54,-4.63
Machine 3,Family 1,Customer 3,Engine 5,Station 2,Pass!,3.58,-2.93,4.2,-3.43,4.78,-3.89,5.27,-4.29,5.8,-4.79
Machine 3,Family 1,Customer 3,Engine 5,Station 1,Pass!,4.29,-3.74,4.96,-4.13,5.47,-4.49,5.93,-4.89,6.56,-5.42
Machine 3,Family 1,Customer 3,Engine 5,Station 1,Pass!,4.36,-2.94,4.99,-3.62,5.67,-4.08,6.32,-4.69,6.48,-5.12
Machine 3,Family 1,Customer 3,Engine 5,Station 2,Pass!,3.08,-3.66,3.88,-4.44,4.38,-4.83,4.88,-5.41,5.28,-5.78
Machine 3,Family 1,Customer 3,Engine 5,Station 1,Pass!,3.11,-4.03,3.84,-3.91,4.36,-4.18,5.04,-4.65,5.47,-5.12
Machine 3,Family 1,Customer 3,Engine 5,Station 2,Pass!,3.39,-3.89,4.16,-4.55,4.69,-5.13,5.36,-5.53,5.87,-6.03
Machine 3,Family 1,Customer 3,Engine 5,Station 1,Pass!,3.51,-3.18,4.32,-3.67,5,-4.24,5.42,-4.54,5.96,-5
Machine 3,Family 1,Customer 3,Engine 5,Station 2,Pass!,2.98,-3.73,3.4,-4.19,4,-4.63,4.48,-5.06,5.05,-5.58
Machine 3,Family 1,Customer 3,Engine 5,Station 2,Pass!,2.88,-3.65,3.55,-4.08,4.05,-4.61,4.62,-5.12,5.24,-5.55
Machine 3,Family 1,Customer 3,Engine 5,Station 1,Pass!,3.04,-3.82,3.57,-4.29,4.17,-4.67,4.55,-5.07,5.14,-5.54
Machine 3,Family 1,Customer 1,Engine 12,Station 1,Pass!,3.68,-3.69,4.13,-3.96,4.84,-4.25,5.3,-4.67,5.88,-5.18
Machine 3,Family 1,Customer 1,Engine 12,Station 2,Pass!,4.03,-4.44,5.01,-4.97,5.58,-5.48,6.02,-5.92,6.51,-6.44
Machine 3,Family 1,Customer 1,Engine 12,Station 1,Pass!,2.87,-4.09,3.56,-4.44,4.07,-4.92,4.65,-5.39,5.06,-5.87
Machine 3,Family 1,Customer 1,Engine 12,Station 2,Pass!,3.27,-3.43,3.97,-3.85,4.48,-4.17,5.08,-4.74,5.45,-5.22
Machine 3,Family 1,Customer 1,Engine 12,Station 1,Pass!,4.17,-4.36,4.85,-4.83,5.47,-5.25,5.89,-5.84,6.3,-6.2
Machine 3,Family 1,Customer 1,Engine 12,Station 2,Pass!,3.98,-3.58,4.61,-3.85,5.24,-4.27,5.85,-4.74,6.28,-5.18
Machine 3,Family 1,Customer 1,Engine 12,Station 1,Pass!,3.97,-4.49,5.04,-5,5.57,-5.55,6.09,-6.01,6.66,-6.41
Machine 3,Family 1,Customer 1,Engine 12,Station 2,Pass!,3.65,-3.88,4.33,-4.75,4.93,-5.37,5.48,-5.98,5.84,-6.59
Machine 3,Family 1,Customer 1,Engine 12,Station 1,Pass!,3.27,-3.97,3.78,-4.37,4.41,-4.86,4.98,-5.24,5.42,-5.81
Machine 3,Family 1,Customer 1,Engine 12,Station 2,Pass!,3.45,-3.5,4.15,-3.86,4.63,-4.19,5.14,-4.78,5.69,-5.25
Machine 3,Family 1,Customer 1,Engine 12,Station 1,Pass!,3.69,-3.18,4.23,-3.57,4.95,-4,5.38,-4.58,5.85,-5.01
Machine 3,Family 1,Customer 1,Engine 12,Station 2,Pass!,3.15,-3.93,3.9,-4.39,4.38,-4.92,4.95,-5.33,5.46,-5.93
Machine 3,Family 1,Customer 1,Engine 12,Station 1,Pass!,2.95,-3.62,3.51,-4.01,4.11,-4.44,4.65,-4.83,5.07,-5.28
Machine 3,Family 1,Customer 1,Engine 12,Station 2,Pass!,3.15,-3.57,3.75,-3.86,4.24,-4.32,4.77,-4.85,4.59,-5.3
Machine 3,Family 1,Customer 1,Engine 12,Station 1,Fail!,3.89,-3.07,4.43,-3.65,5.21,-4.1,5.76,-4.48,6.21,-5.02
Machine 3,Family 1,Customer 1,Engine 12,Station 1,Pass!,3.49,-3.08,4.08,-3.55,4.9,-4,5.39,-4.41,6.12,-4.94
Machine 3,Family 1,Customer 1,Engine 12,Station 2,Pass!,3.64,-3.8,4.4,-4.61,4.95,-5.19,5.58,-5.72,5.93,-6.26
Machine 3,Family 1,Customer 3,Engine 5,Station 1,Pass!,3.48,-3.73,4,-4.35,4.39,-4.67,4.93,-5.23,5.24,-5.69
Machine 3,Family 1,Customer 3,Engine 5,Station 2,Pass!,3.31,-3.41,3.91,-3.86,4.46,-4.26,4.96,-4.74,5.06,-5.23
Machine 3,Family 1,Customer 3,Engine 5,Station 1,Pass!,3.88,-2.71,4.7,-3.17,5.26,-3.7,5.71,-4.07,6.18,-4.69
Machine 3,Family 1,Customer 3,Engine 5,Station 2,Pass!,2.99,-3.72,3.57,-4.16,4.04,-4.66,4.6,-5.15,5.05,-5.59
Machine 3,Family 1,Customer 3,Engine 5,Station 1,Pass!,3.35,-3.63,4,-4.03,4.53,-4.66,5.23,-5.09,5.77,-5.63
Machine 3,Family 1,Customer 3,Engine 5,Station 2,Pass!,3.62,-3.2,4.17,-3.82,4.47,-4.21,5.08,-4.57,5.54,-4.98
Machine 3,Family 1,Customer 3,Engine 5,Station 1,Pass!,3.67,-3.42,4.58,-4.07,5.21,-4.8,5.66,-5.23,6.17,-5.74
Machine 3,Family 1,Customer 3,Engine 5,Station 2,Pass!,2.82,-3.9,3.46,-4.32,4.02,-4.77,4.76,-5.18,5.36,-5.69
Machine 3,Family 1,Customer 3,Engine 5,Station 1,Pass!,3.61,-3.53,4.25,-4.23,5.04,-4.77,5.5,-5.2,6.11,-5.78
Machine 3,Family 1,Customer 3,Engine 5,Station 2,Pass!,3.67,-3.57,4.39,-4.19,4.81,-4.76,5.32,-5.16,5.63,-5.76
Machine 3,Family 1,Customer 1,Engine 12,Station 1,Pass!,3.23,-4.02,3.76,-4.41,3.98,-4.97,4.48,-5.42,5.03,-5.95
Machine 3,Family 1,Customer 1,Engine 12,Station 2,Pass!,3.22,-4.37,4.01,-5,4.48,-5.59,5.07,-6.02,5.38,-6.64
Machine 3,Family 1,Customer 1,Engine 12,Station 1,Pass!,3.57,-3.27,4.04,-3.68,4.79,-4.18,5.25,-4.7,5.73,-5.23
Machine 3,Family 1,Customer 1,Engine 12,Station 2,Pass!,3.07,-4.28,3.62,-4.94,4.29,-5.6,4.75,-6,5.14,-6.26
Machine 3,Family 1,Customer 1,Engine 12,Station 1,Pass!,2.76,-4.32,3.46,-4.69,3.91,-5.28,4.4,-5.69,4.98,-6.25
Machine 3,Family 1,Customer 3,Engine 5,Station 2,Pass!,3.81,-2.42,4.43,-3.15,5.05,-4.01,5.53,-4.6,6,-5.01
Machine 3,Family 1,Customer 3,Engine 5,Station 1,Pass!,4.49,-3.11,5.1,-3.86,5.7,-4.35,6.18,-4.82,6.5,-5.29
Machine 3,Family 1,Customer 3,Engine 5,Station 1,Pass!,3.67,-3.29,4.15,-3.73,4.74,-4.2,5.23,-4.65,5.88,-5.16
Machine 3,Family 1,Customer 3,Engine 5,Station 1,Pass!,3.81,-3.26,4.27,-3.83,4.83,-4.3,5.36,-4.71,5.83,-5.29
Machine 3,Family 1,Customer 3,Engine 5,Station 2,Pass!,3.71,-3.28,4.27,-3.64,4.77,-4.1,5.37,-4.52,6.03,-4.95
Machine 3,Family 1,Customer 3,Engine 5,Station 1,Pass!,3.46,-3.29,4.06,-3.72,4.58,-4.32,5.09,-4.73,5.62,-5.27
Machine 3,Family 1,Customer 3,Engine 5,Station 2,Pass!,3.27,-3.36,3.91,-3.83,4.28,-4.31,4.83,-4.73,5.36,-5.14
Machine 3,Family 1,Customer 3,Engine 5,Station 1,Pass!,3.78,-3.29,4.17,-3.82,4.47,-4.27,4.91,-4.81,5.42,-5.23
Machine 3,Family 1,Customer 3,Engine 5,Station 2,Pass!,4.19,-3.66,4.74,-4.32,5.43,-4.85,5.93,-5.24,6.38,-5.74
Machine 3,Family 1,Customer 3,Engine 5,Station 1,Pass!,2.92,-3.73,3.75,-4.49,4.41,-5,5.01,-5.5,5.48,-5.96
Machine 3,Family 1,Customer 3,Engine 5,Station 2,Pass!,2.95,-4.08,3.65,-4.44,4.35,-4.99,4.85,-5.42,5.26,-5.85
Machine 3,Family 1,Customer 3,Engine 3,Station 1,Pass!,3.2,-3.29,3.84,-3.9,4.55,-4.39,5.08,-4.89,5.68,-5.3
Machine 3,Family 1,Customer 2,Engine 2,Station 2,Pass!,2.63,-2.7,3.37,-3.26,4.13,-4.13,4.49,-4.8,5,-5.35
Machine 3,Family 1,Customer 2,Engine 2,Station 1,Pass!,4.16,-2.97,4.12,-3.06,4.9,-3.83,5.2,-4.42,5.35,-5.09
Machine 3,Family 1,Customer 2,Engine 2,Station 1,Pass!,2.53,-2.83,3.69,-3.64,4.37,-4.52,4.88,-4.94,5.64,-5.21
Machine 3,Family 1,Customer 2,Engine 2,Station 1,Pass!,2.86,-3.58,3.76,-4.38,4.44,-4.87,5,-5.41,5.62,-5.71
Machine 3,Family 1,Customer 2,Engine 2,Station 1,Pass!,2.86,-2.92,3.74,-3.85,4.51,-4.4,5.14,-5.13,5.43,-5.53
Machine 3,Family 1,Customer 2,Engine 2,Station 2,Pass!,2.92,-3.08,3.81,-3.47,4.41,-4.2,4.91,-4.78,5.32,-5.38
Machine 3,Family 1,Customer 2,Engine 2,Station 1,Pass!,2.27,-2.76,3.24,-3.38,4.09,-4.01,4.55,-4.45,5.11,-4.96
Machine 3,Family 1,Customer 2,Engine 2,Station 2,Pass!,2.67,-2.06,3.46,-2.53,4.1,-3.07,4.68,-4.2,5.1,-4.63
Machine 3,Family 1,Customer 2,Engine 2,Station 1,Pass!,2.63,-2.9,3.37,-3.37,3.94,-4.07,4.86,-4.66,5.58,-5.23
Machine 3,Family 1,Customer 2,Engine 2,Station 2,Pass!,3.47,-3.33,3.73,-3.21,4.35,-3.57,4.79,-4.37,5.24,-4.74
Machine 3,Family 1,Customer 2,Engine 2,Station 1,Pass!,2.92,-3.49,3.69,-3.81,4.34,-4.1,4.82,-4.76,5.24,-5.21
Machine 3,Family 1,Customer 3,Engine 5,Station 1,Pass!,3.1,-3.7,3.66,-3.9,4.43,-4.33,5.08,-4.86,5.72,-5.53
Machine 3,Family 1,Customer 2,Engine 2,Station 2,Pass!,3.01,-2.86,3.16,-3.46,3.74,-4.1,4.63,-4.61,5.29,-4.99
Machine 3,Family 1,Customer 2,Engine 2,Station 1,Pass!,3.81,-3.38,3.05,-3.92,3.32,-4.4,4.1,-4.97,4.96,-5.51
Machine 3,Family 1,Customer 2,Engine 2,Station 2,Pass!,2.76,-3.42,3.38,-3.48,4.13,-4.29,4.89,-4.99,5.31,-5.6
Machine 3,Family 1,Customer 2,Engine 2,Station 1,Pass!,2.56,-3.22,3.95,-3.3,4.65,-4.13,5.14,-4.77,5.34,-5.46
Machine 3,Family 1,Customer 2,Engine 2,Station 2,Pass!,3.32,-2.28,3.77,-3.5,4.15,-4.09,4.54,-4.78,5.27,-5.37
Machine 3,Family 1,Customer 3,Engine 5,Station 1,Pass!,4.29,-3.46,4.19,-3.89,4.38,-4.55,5.2,-4.96,5.81,-5.33
Machine 3,Family 1,Customer 3,Engine 5,Station 2,Pass!,3.4,-3.44,3.76,-3.87,4.29,-4.26,5.06,-4.81,5.62,-5.54
Machine 3,Family 1,Customer 3,Engine 5,Station 1,Pass!,3.44,-3.11,3.98,-3.49,4.49,-4.03,5.01,-4.69,5.68,-5.26
Machine 3,Family 1,Customer 3,Engine 5,Station 2,Pass!,3.61,-3.98,4.02,-4.53,4.3,-5.03,5.04,-5.45,5.77,-5.75
Machine 3,Family 1,Customer 3,Engine 5,Station 2,Pass!,3.72,-4.38,4.04,-4.05,4.82,-4.22,5.23,-4.78,5.8,-5.17
Machine 3,Family 1,Customer 3,Engine 5,Station 2,Pass!,3.57,-4.48,4.33,-4.14,4.94,-3.89,5.52,-4.27,5.95,-4.76
Machine 3,Family 1,Customer 3,Engine 5,Station 1,Pass!,3.9,-2.42,4.11,-3.39,4.65,-4.5,5.14,-5.04,5.61,-5.34
Machine 3,Family 1,Customer 3,Engine 5,Station 2,Pass!,3.53,-3.35,4.59,-3.99,4.92,-4.49,5.43,-4.94,5.94,-5.41
Machine 3,Family 1,Customer 3,Engine 5,Station 1,Pass!,3.65,-3.52,4.19,-4.18,4.93,-4.74,5.38,-5.27,5.81,-5.65
Machine 3,Family 1,Customer 3,Engine 5,Station 2,Pass!,3.09,-3.28,4.01,-4.14,4.57,-4.75,5.07,-5.3,5.79,-5.67
Machine 3,Family 1,Customer 3,Engine 5,Station 1,Pass!,3.71,-3.79,4.62,-4.39,5.13,-4.9,5.58,-5.35,5.97,-5.87
Machine 3,Family 1,Customer 3,Engine 5,Station 2,Pass!,3.64,-3.49,4.31,-4.01,4.64,-4.6,5.07,-5.01,5.65,-5.47
Machine 3,Family 1,Customer 3,Engine 5,Station 1,Pass!,3.75,-3.5,4.36,-4.11,4.98,-4.67,5.53,-5.22,5.94,-5.77
Machine 3,Family 1,Customer 3,Engine 5,Station 2,Pass!,3.52,-3.8,4.38,-4.33,4.92,-4.78,5.39,-5.22,6.03,-5.55
Machine 3,Family 1,Customer 3,Engine 5,Station 1,Pass!,3.43,-3.93,4.15,-4.67,4.75,-5.26,5.27,-5.63,5.86,-6.12
Machine 3,Family 1,Customer 3,Engine 5,Station 2,Pass!,3.49,-2.54,4.12,-3.55,4.69,-4.69,5.08,-5.47,5.48,-6.05
Machine 3,Family 1,Customer 3,Engine 5,Station 1,Pass!,3.84,-3.77,4.93,-4.2,5.28,-4.69,5.75,-5.22,6.25,-5.67
Machine 3,Family 1,Customer 3,Engine 3,Station 1,Pass!,3.42,-3.62,3.99,-4.21,4.77,-4.84,5.39,-5.32,5.86,-5.79
Machine 3,Family 1,Customer 3,Engine 3,Station 2,Pass!,3.3,-3.51,4.11,-4.03,4.77,-4.54,5.2,-5.16,5.87,-5.6
Machine 3,Family 1,Customer 3,Engine 3,Station 1,Pass!,3.92,-4.1,4.43,-4.86,5,-5.26,5.3,-5.64,5.83,-5.86
Machine 3,Family 1,Customer 3,Engine 3,Station 2,Pass!,3.77,-3.34,4.48,-4.03,4.82,-4.5,5.17,-5.03,5.88,-5.55
Machine 3,Family 1,Customer 3,Engine 3,Station 1,Pass!,3.41,-4.4,4.5,-4.89,5.53,-5.24,6.19,-5.54,6.39,-5.6
Machine 3,Family 1,Customer 3,Engine 3,Station 2,Pass!,3.83,-3.08,4.47,-3.62,5.25,-4.22,5.76,-4.8,6.3,-5.42
Machine 3,Family 1,Customer 3,Engine 3,Station 1,Pass!,3.77,-3.59,4.55,-4.43,5.2,-5.12,5.78,-5.62,6.02,-6.08
Machine 3,Family 1,Customer 3,Engine 3,Station 2,Pass!,3.59,-3.78,4.21,-4.51,4.45,-5.07,4.63,-5.59,5.6,-6.03
Machine 3,Family 1,Customer 3,Engine 3,Station 1,Pass!,2.43,-3.37,3.6,-4.03,4.37,-4.66,5.14,-5.22,5.61,-5.7
Machine 3,Family 1,Customer 3,Engine 3,Station 2,Pass!,3.71,-3.39,4.44,-3.91,4.81,-4.55,5.37,-5.08,5.79,-5.55
Machine 3,Family 1,Customer 3,Engine 3,Station 1,Pass!,3.55,-3.42,4.1,-4.14,4.69,-4.67,5.2,-5.17,5.71,-5.63
Machine 3,Family 1,Customer 3,Engine 3,Station 2,Pass!,3.85,-4.01,4.65,-4.41,5.19,-4.7,5.57,-5.14,6.04,-5.48
Machine 3,Family 1,Customer 1,Engine 6,Station 1,Pass!,3.64,-4.03,4.2,-4.51,4.75,-4.94,5.19,-5.41,5.77,-5.91
Machine 3,Family 1,Customer 1,Engine 6,Station 2,Pass!,3.46,-4.23,3.94,-4.79,4.49,-5.19,5.02,-5.62,5.73,-6.1
Machine 3,Family 1,Customer 1,Engine 6,Station 1,Pass!,3.6,-3.77,4.29,-4.26,4.82,-4.83,5.4,-5.27,6.16,-5.74
Machine 3,Family 1,Customer 1,Engine 6,Station 2,Pass!,3.5,-3.96,3.79,-4.37,4.38,-4.87,5.07,-5.54,5.89,-6.01
Machine 3,Family 1,Customer 1,Engine 6,Station 1,Pass!,3.43,-3.66,4.09,-4.19,4.7,-4.78,5.41,-5.45,5.76,-5.99
Machine 3,Family 1,Customer 1,Engine 6,Station 2,Pass!,3.34,-3.86,3.88,-4.51,4.7,-4.97,5.21,-5.51,5.81,-5.96
Machine 3,Family 1,Customer 1,Engine 6,Station 1,Pass!,3.61,-3.74,4.52,-4.15,5.45,-4.61,6.1,-5.11,6.3,-5.55
Machine 3,Family 1,Customer 1,Engine 6,Station 2,Pass!,4.07,-4.13,4.74,-4.37,5.28,-4.64,5.91,-4.95,6.56,-5.49
Machine 3,Family 1,Customer 1,Engine 6,Station 1,Pass!,3.43,-3.72,3.99,-4.1,4.43,-4.54,5.04,-5.17,5.56,-5.71
Machine 3,Family 1,Customer 3,Engine 13,Station 2,Pass!,2.99,-3.39,3.4,-3.74,4.68,-4.21,4.67,-4.71,4.94,-5.09
Machine 3,Family 1,Customer 3,Engine 13,Station 1,Pass!,3.4,-2.55,2.98,-3.14,4.4,-3.95,4.56,-4.57,4.97,-4.97
Machine 3,Family 1,Customer 3,Engine 13,Station 2,Pass!,2.69,-3.39,3.42,-3.67,4.07,-4.3,4.77,-4.68,5.38,-5.32
Machine 3,Family 1,Customer 3,Engine 13,Station 1,Pass!,3.32,-2.17,3.84,-2.75,4.39,-3.37,4.96,-4.05,5.36,-4.64
Machine 3,Family 1,Customer 3,Engine 13,Station 2,Pass!,3.37,-2.42,2.95,-3.15,4.05,-3.85,4.56,-4.41,5.04,-4.77
Machine 3,Family 1,Customer 3,Engine 13,Station 2,Pass!,2.75,-2.77,3.2,-3.22,3.78,-3.58,4.54,-4.33,4.87,-4.68
Machine 3,Family 1,Customer 3,Engine 13,Station 2,Pass!,2.86,-3.31,3.11,-3.67,3.51,-4.04,3.88,-4.45,4.16,-4.82
Machine 3,Family 1,Customer 3,Engine 13,Station 2,Pass!,3.09,-3.12,2.72,-3.44,3.57,-3.88,4.17,-4.3,4.64,-4.85
Machine 3,Family 1,Customer 3,Engine 13,Station 2,Pass!,3.47,-2.74,3.75,-3.19,4.27,-3.75,4.69,-4.16,5.05,-4.59
Machine 3,Family 1,Customer 1,Engine 6,Station 1,Pass!,3.84,-4.07,4.37,-4.61,4.91,-5.22,5.36,-5.7,5.91,-6.54
Machine 3,Family 1,Customer 1,Engine 6,Station 2,Pass!,3.84,-3.37,4.39,-3.86,5.03,-4.23,5.67,-4.67,6.32,-5.23
Machine 3,Family 1,Customer 1,Engine 6,Station 2,Pass!,2.76,-4.15,3.67,-4.39,4.38,-4.82,5.27,-5.26,5.85,-5.83
Machine 3,Family 1,Customer 1,Engine 6,Station 2,Pass!,3.5,-3.7,4.12,-4.17,4.76,-4.6,5.49,-5.11,6.25,-5.56
Machine 3,Family 1,Customer 3,Engine 3,Station 2,Pass!,3.5,-3.66,4.15,-4.43,4.91,-5.01,5.06,-5.49,5.61,-5.99
Machine 3,Family 1,Customer 3,Engine 3,Station 2,Pass!,3.45,-2.7,4.04,-3.29,4.71,-3.97,5.27,-4.67,6.1,-5.13
Machine 3,Family 1,Customer 2,Engine 2,Station 2,Pass!,4.18,-2.42,4.1,-3.32,5.07,-3.95,5.85,-4.55,5.88,-5.25
Machine 3,Family 1,Customer 2,Engine 2,Station 2,Pass!,3.26,-2.54,3.5,-3.29,4.1,-4,4.63,-4.55,4.85,-5.07
Machine 3,Family 1,Customer 2,Engine 2,Station 2,Pass!,2.09,-3.42,2.89,-3.85,3.79,-4.25,4.45,-4.83,5.06,-5.19
Machine 3,Family 1,Customer 2,Engine 2,Station 2,Pass!,2.55,-2.64,3.37,-3.13,3.96,-3.85,4.38,-4.59,4.93,-5.11
Machine 4,Family 1,Customer 1,Engine 1,Station 2,Pass!,2.85,-3.57,3.42,-3.91,4.19,-4.55,4.72,-5.04,5.3,-5.5
Machine 4,Family 1,Customer 1,Engine 1,Station 1,Pass!,2.81,-2.45,3.43,-2.93,3.88,-3.81,4.4,-4.51,4.87,-5
Machine 4,Family 1,Customer 3,Engine 3,Station 2,Pass!,3.24,-2.58,3.75,-3.23,4.3,-3.83,4.75,-4.37,5.22,-4.91
Machine 4,Family 1,Customer 3,Engine 3,Station 1,Pass!,2.49,-3.74,3.12,-4.1,3.65,-4.55,4.05,-4.9,4.66,-5.32
Machine 4,Family 1,Customer 3,Engine 3,Station 2,Pass!,2.85,-3.42,3.47,-3.8,3.92,-4.24,4.37,-4.62,4.86,-5.06
Machine 4,Family 1,Customer 3,Engine 3,Station 1,Pass!,2.96,-3.02,3.38,-3.41,3.82,-3.89,3.89,-4.23,4.38,-4.58
Machine 4,Family 1,Customer 3,Engine 3,Station 2,Pass!,3.26,-4.24,3.88,-4.65,4.36,-5.16,4.87,-5.41,5.35,-5.79
Machine 4,Family 1,Customer 1,Engine 1,Station 1,Pass!,3.36,-2.49,3.74,-3.62,4.23,-4.34,4.98,-4.76,5.42,-5.22
Machine 4,Family 1,Customer 1,Engine 1,Station 2,Pass!,3.65,-3.15,4,-3.9,4.65,-4.63,5.07,-5.05,5.58,-5.11
Machine 4,Family 1,Customer 1,Engine 1,Station 1,Pass!,2.54,-3.79,3.08,-4.22,3.56,-4.52,4.04,-4.85,5.1,-5.33
Machine 4,Family 1,Customer 1,Engine 1,Station 1,Pass!,3.58,-2.61,4.09,-3.26,4.65,-3.78,4.98,-4.38,5.53,-4.91
Machine 4,Family 1,Customer 1,Engine 1,Station 2,Pass!,3.63,-3.71,3.92,-4.29,4.34,-4.56,4.91,-5.01,5.44,-5.36
Machine 4,Family 1,Customer 1,Engine 1,Station 1,Pass!,2.68,-3.5,3.21,-4.08,3.7,-4.44,4.13,-4.91,4.65,-5.24
Machine 4,Family 1,Customer 1,Engine 1,Station 2,Pass!,4.1,-3.37,4.92,-3.87,5.38,-4.51,6.03,-5.06,6.64,-5.56
Machine 4,Family 1,Customer 1,Engine 1,Station 1,Pass!,3.61,-2.78,4.02,-3.28,4.56,-3.71,5,-4.03,5.52,-4.43
Machine 4,Family 1,Customer 1,Engine 1,Station 2,Pass!,3.39,-2.93,4.04,-3.95,4.56,-4.6,5.1,-5.11,5.62,-5.39
Machine 4,Family 1,Customer 1,Engine 1,Station 1,Pass!,3.35,-4.31,3.84,-4.61,4.28,-4.9,4.78,-5.2,5.48,-5.65
Machine 4,Family 1,Customer 1,Engine 1,Station 2,Pass!,2.77,-4.35,3.19,-4.21,3.71,-4.76,4.16,-5.14,4.59,-5.39
Machine 4,Family 1,Customer 3,Engine 8,Station 1,Pass!,4.16,-3.22,4.25,-3.67,4.33,-4.44,4.71,-4.84,5.18,-5.33
Machine 4,Family 1,Customer 3,Engine 8,Station 2,Pass!,3.8,-3.46,4.38,-3.85,4.82,-4.28,5.34,-4.69,5.88,-5.07
Machine 4,Family 1,Customer 3,Engine 8,Station 1,Pass!,3.32,-3.15,3.79,-3.6,4.31,-3.97,4.8,-4.34,5.26,-4.67
Machine 4,Family 1,Customer 3,Engine 8,Station 2,Pass!,3.44,-3.97,3.95,-3.93,4.37,-4.65,5.05,-5.06,5.62,-5.54
Machine 4,Family 1,Customer 3,Engine 8,Station 1,Pass!,3.52,-3.35,4.07,-3.72,4.58,-4.24,4.97,-4.69,5.47,-5.15
Machine 4,Family 1,Customer 3,Engine 8,Station 2,Pass!,2.7,-3.6,3.36,-3.99,3.77,-4.48,4.23,-4.73,4.65,-5.24
Machine 4,Family 1,Customer 3,Engine 8,Station 1,Pass!,3.41,-2.87,4,-3.29,4.48,-3.68,5.03,-4.11,5.51,-4.53
Machine 4,Family 1,Customer 3,Engine 8,Station 2,Pass!,4.09,-2.86,4.44,-3.57,4.74,-4.01,5.19,-4.57,5.7,-4.97
Machine 4,Family 1,Customer 3,Engine 8,Station 1,Pass!,3.63,-3.43,4.18,-3.4,4.77,-3.68,5.22,-4.07,5.72,-4.39
Machine 4,Family 1,Customer 3,Engine 8,Station 2,Pass!,3.88,-3.17,4.43,-3.51,4.86,-4.03,5.25,-4.49,5.8,-5.13
Machine 4,Family 1,Customer 3,Engine 8,Station 1,Pass!,3.78,-3.19,4.14,-3.75,4.58,-4.33,5.08,-4.72,5.58,-5.17
Machine 4,Family 1,Customer 1,Engine 4,Station 2,Pass!,3.1,-3.88,3.8,-4.54,4.39,-4.93,5.24,-5.28,5.85,-5.39
Machine 4,Family 1,Customer 2,Engine 2,Station 1,Pass!,2.04,-3.34,3.02,-3.69,3.8,-4.25,4.57,-4.69,5.13,-5.36
Machine 4,Family 1,Customer 2,Engine 2,Station 2,Pass!,2.19,-2.53,3.26,-3.52,3.99,-4.19,4.88,-4.79,5.44,-5.16
Machine 4,Family 1,Customer 2,Engine 2,Station 1,Pass!,3.06,-2.5,3.55,-3.13,4.66,-3.61,5.52,-4.31,6.34,-4.78
Machine 4,Family 1,Customer 2,Engine 2,Station 2,Pass!,2.67,-3.85,3.34,-3.98,4.1,-4.39,4.59,-4.88,5.18,-5.24
Machine 4,Family 1,Customer 2,Engine 2,Station 1,Pass!,3.69,-3.48,3.91,-3.74,4.16,-4.11,4.77,-4.51,5.19,-5.33
Machine 4,Family 1,Customer 2,Engine 2,Station 2,Pass!,3.64,-2.82,4.02,-3.35,4.33,-4.1,5.24,-4.69,5.79,-5.1
Machine 4,Family 1,Customer 2,Engine 2,Station 1,Pass!,4.17,-2.91,4.08,-3.34,4.14,-4.07,4.35,-4.51,4.98,-5.03
Machine 4,Family 1,Customer 2,Engine 2,Station 2,Pass!,2.78,-2.99,3.27,-3.53,3.83,-4.17,4.46,-4.64,4.91,-5.17
Machine 4,Family 1,Customer 2,Engine 2,Station 1,Pass!,2.99,-3.61,3.6,-4.22,4.04,-4.56,4.63,-4.86,5.24,-5.3
Machine 4,Family 1,Customer 2,Engine 2,Station 2,Pass!,2.9,-2.1,3.34,-2.98,3.88,-3.75,4.4,-4.33,4.89,-4.62
Machine 4,Family 1,Customer 2,Engine 2,Station 1,Pass!,2.46,-2.45,2.89,-3.09,3.49,-3.72,4.21,-4.07,4.67,-4.33
Machine 4,Family 1,Customer 2,Engine 2,Station 2,Pass!,2.81,-2.55,3.23,-3.24,3.61,-3.6,4.02,-4.11,4.32,-4.41
Machine 4,Family 1,Customer 2,Engine 2,Station 1,Pass!,2.55,-2.27,3.19,-2.95,3.91,-3.29,4.61,-3.65,5.09,-4
Machine 4,Family 1,Customer 2,Engine 2,Station 2,Pass!,2.71,-2.72,3.37,-3.43,4.02,-4.05,4.45,-4.87,4.84,-5.19
Machine 4,Family 1,Customer 2,Engine 2,Station 1,Pass!,2.54,-3.36,3.02,-3.63,3.52,-4.08,4.22,-4.63,4.67,-5.14
Machine 4,Family 1,Customer 2,Engine 2,Station 2,Pass!,3.26,-2.75,3.69,-3.47,4.16,-4.14,4.58,-4.79,5.39,-5.25
Machine 4,Family 1,Customer 2,Engine 2,Station 1,Pass!,4.59,-3.12,4.39,-3.56,4.45,-3.99,4.56,-4.47,5.39,-4.54
Machine 4,Family 1,Customer 2,Engine 2,Station 2,Pass!,3.29,-3.06,3.97,-3.63,4.2,-4.25,4.93,-4.74,5.38,-5.01
Machine 4,Family 1,Customer 3,Engine 5,Station 2,Pass!,3.74,-3.34,4.05,-3.8,4.38,-4.22,4.87,-4.67,5.52,-5.17
Machine 4,Family 1,Customer 1,Engine 1,Station 1,Pass!,3.15,-3.06,3.75,-3.67,4.22,-4.31,4.82,-4.78,5.24,-5.29
Machine 4,Family 1,Customer 1,Engine 1,Station 2,Pass!,3.55,-4.14,4.29,-4.8,4.86,-5.51,5.25,-6.13,5.63,-6.66
Machine 4,Family 1,Customer 1,Engine 1,Station 1,Pass!,3.62,-3.09,4.06,-3.84,4.6,-4.28,5.16,-4.89,5.7,-5.43
Machine 4,Family 1,Customer 1,Engine 1,Station 2,Pass!,3.43,-2.58,4.11,-3.16,4.63,-3.87,5.17,-4.54,5.69,-5.08
Machine 4,Family 1,Customer 1,Engine 1,Station 1,Pass!,3.11,-3.6,3.56,-4.07,4.21,-4.57,4.77,-5.01,5.3,-5.56
Machine 4,Family 1,Customer 1,Engine 1,Station 2,Pass!,3.82,-4.12,4.51,-4.26,4.8,-5.01,5.17,-5.55,5.68,-5.76
Machine 4,Family 1,Customer 1,Engine 1,Station 1,Pass!,3.97,-2.95,4.48,-3.85,5.04,-4.65,5.4,-5.11,5.79,-5.49
Machine 4,Family 1,Customer 1,Engine 1,Station 1,Pass!,4.01,-2.7,4.53,-3.65,5.16,-4.14,5.48,-4.59,5.83,-5.33
Machine 4,Family 1,Customer 1,Engine 4,Station 2,Pass!,3.26,-3.64,3.93,-4.32,4.58,-4.79,5,-5.25,5.64,-5.75
Machine 4,Family 1,Customer 1,Engine 4,Station 1,Pass!,3.73,-3.84,4.21,-4.36,4.7,-4.87,5.3,-5.3,5.72,-5.91
Machine 4,Family 1,Customer 1,Engine 4,Station 2,Pass!,3.87,-4.08,4.43,-4.42,4.86,-4.82,5.27,-5.18,5.66,-5.57
Machine 4,Family 1,Customer 1,Engine 4,Station 1,Pass!,2.98,-4.17,3.6,-4.64,4.27,-5.12,4.91,-5.46,5.59,-6.01
Machine 4,Family 1,Customer 1,Engine 4,Station 2,Pass!,3.51,-3.33,4.11,-3.84,4.6,-4.36,5.09,-4.9,5.59,-5.33
Machine 4,Family 1,Customer 1,Engine 4,Station 1,Pass!,3.8,-3.2,4.45,-3.8,5.01,-4.39,5.63,-4.83,6.12,-5.37
Machine 4,Family 1,Customer 1,Engine 4,Station 2,Pass!,3.94,-3.28,4.57,-3.79,5,-4.17,5.49,-4.59,6.11,-4.91
Machine 4,Family 1,Customer 1,Engine 4,Station 1,Pass!,3.21,-4.02,3.7,-4.55,4.39,-5.07,4.96,-5.49,5.53,-5.91
Machine 4,Family 1,Customer 1,Engine 4,Station 2,Pass!,3.3,-3.31,4.04,-3.84,4.48,-4.33,5.01,-4.82,5.64,-5.35
Machine 4,Family 1,Customer 1,Engine 4,Station 1,Pass!,3.69,-3.86,4.31,-4.25,4.94,-4.62,5.46,-5.03,5.89,-5.65
Machine 4,Family 1,Customer 1,Engine 4,Station 2,Pass!,3.75,-3.46,4.37,-3.99,4.91,-4.4,5.41,-4.89,5.87,-5.15
Machine 4,Family 1,Customer 1,Engine 4,Station 1,Pass!,3.26,-3.09,3.81,-3.44,4.3,-3.92,4.88,-4.36,5.4,-4.83
Machine 4,Family 1,Customer 1,Engine 4,Station 2,Pass!,3.4,-2.99,4.03,-3.53,4.67,-3.88,5.18,-4.46,5.81,-4.81
Machine 4,Family 1,Customer 1,Engine 4,Station 1,Pass!,3.05,-3.82,3.7,-4.2,3.95,-4.43,4.26,-4.86,4.82,-5.32
Machine 4,Family 1,Customer 1,Engine 4,Station 2,Pass!,3.37,-3.71,3.8,-4.02,4.18,-4.51,4.56,-4.92,4.83,-5.41
Machine 4,Family 1,Customer 1,Engine 4,Station 1,Pass!,3.35,-3.77,4.06,-4.18,4.56,-4.5,5.17,-4.97,5.76,-5.57
Machine 4,Family 1,Customer 1,Engine 4,Station 2,Pass!,3.56,-3.72,3.66,-4.11,4.21,-4.51,4.71,-4.88,5.3,-5.26
Machine 4,Family 1,Customer 1,Engine 4,Station 1,Pass!,3.24,-3.67,3.8,-4.1,4.39,-4.63,4.84,-4.99,5.39,-5.54
Machine 4,Family 1,Customer 1,Engine 4,Station 2,Pass!,3.5,-3.6,4.19,-4.12,4.78,-4.66,5.27,-5.05,5.79,-5.64
Machine 4,Family 1,Customer 2,Engine 2,Station 1,Pass!,2.44,-2.86,3.17,-3.36,4.12,-3.84,4.72,-4.31,5.37,-4.53
Machine 4,Family 1,Customer 2,Engine 2,Station 2,Fail!,2.61,-2.01,3.09,-2.46,3.5,-2.97,3.61,-3.33,4.04,-3.6
Machine 4,Family 1,Customer 2,Engine 2,Station 1,Pass!,3.14,-2.31,3.33,-2.7,3.52,-3.34,3.67,-3.74,4.59,-4.06
Machine 4,Family 1,Customer 2,Engine 14,Station 2,Pass!,3.08,-2.91,3.29,-3.33,4.05,-3.78,4.48,-4.35,4.82,-4.76
Machine 4,Family 1,Customer 3,Engine 3,Station 1,Pass!,3.13,-3.52,3.74,-4.01,4.38,-4.39,4.93,-4.84,5.46,-5.25
Machine 4,Family 1,Customer 1,Engine 4,Station 2,Pass!,3.38,-4.33,3.94,-4.85,4.41,-5.22,4.91,-5.66,5.38,-6.32
Machine 4,Family 1,Customer 2,Engine 2,Station 1,Pass!,2.79,-3.05,3.43,-3.65,4.01,-3.67,4.55,-3.85,4.65,-4.27
Machine 4,Family 1,Customer 2,Engine 2,Station 2,Fail!,2.84,-1.38,3.37,-2.27,4.01,-2.76,4.62,-3.25,5.02,-3.57
Machine 4,Family 1,Customer 3,Engine 3,Station 1,Fail!,5.22,-6.17,5.56,-6.68,5.9,-7.19,6.16,-7.69,6.42,-8.17
Machine 4,Family 1,Customer 3,Engine 3,Station 2,Fail!,3.58,-3.65,4.42,-4.27,5,-4.96,5.55,-5.45,5.96,-5.97
Machine 4,Family 1,Customer 3,Engine 9,Station 2,Pass!,3.98,-3.22,4.65,-3.94,5.35,-4.44,5.7,-4.92,6.14,-5.39
Machine 4,Family 1,Customer 3,Engine 9,Station 1,Pass!,2.86,-3.46,3.7,-4.21,4.29,-4.72,4.82,-5.25,5.32,-5.72
Machine 4,Family 1,Customer 1,Engine 1,Station 1,Pass!,3.36,-2.95,4.07,-3.46,4.64,-3.98,5.33,-4.53,5.88,-5.01
Machine 4,Family 1,Customer 1,Engine 1,Station 2,Pass!,3.79,-2.95,4.28,-3.24,4.96,-3.77,5.37,-4.16,5.98,-4.73
Machine 4,Family 1,Customer 2,Engine 2,Station 1,Pass!,2.16,-2.7,2.67,-3.11,3.28,-3.63,3.92,-4.09,4.45,-4.67
Machine 4,Family 1,Customer 2,Engine 2,Station 2,Pass!,3.16,-4.15,3.5,-4.04,4.33,-4.83,5.3,-5.48,5.31,-5.67
Machine 4,Family 1,Customer 3,Engine 5,Station 2,Pass!,3.17,-3.3,3.74,-3.77,4.42,-4.3,4.96,-4.73,5.46,-5.31
Machine 4,Family 1,Customer 3,Engine 5,Station 1,Pass!,3.31,-3.81,3.96,-4.33,4.68,-4.7,5.15,-5.18,5.71,-5.66
Machine 4,Family 1,Customer 3,Engine 5,Station 2,Pass!,3.52,-2.98,4.12,-3.44,4.71,-3.92,5.29,-4.32,5.76,-4.86
Machine 4,Family 1,Customer 1,Engine 12,Station 1,Pass!,3.2,-3.7,3.84,-4.23,4.54,-4.7,5.1,-5.08,5.6,-5.65
Machine 4,Family 1,Customer 1,Engine 12,Station 2,Fail!,3.71,-5.56,4.36,-5.93,5.13,-6.46,5.58,-7.02,6.12,-7.45
Machine 4,Family 1,Customer 1,Engine 12,Station 1,Fail!,2.74,-4.53,3.42,-4.39,3.99,-4.5,4.54,-4.9,5.14,-5.18
Machine 4,Family 1,Customer 1,Engine 12,Station 1,Pass!,2.77,-3.01,3.5,-3.45,4.05,-3.86,4.52,-4.34,5.21,-4.82
Machine 4,Family 1,Customer 1,Engine 12,Station 2,Fail!,3.25,-8.43,3.93,-8.86,4.43,-9.34,5.06,-9.87,5.69,-10.23
Machine 4,Family 1,Customer 1,Engine 12,Station 3,Pass!,3.34,-3.16,3.77,-3.75,4.07,-4.3,4.58,-4.9,4.96,-5.51
Machine 4,Family 1,Customer 1,Engine 12,Station 1,Pass!,3.21,-3.05,3.8,-3.46,4.37,-4.02,4.88,-4.43,5.44,-4.97
Machine 4,Family 1,Customer 1,Engine 12,Station 1,Pass!,3.44,-3.18,4.16,-3.9,4.7,-4.36,5.29,-4.86,5.77,-5.37
Machine 4,Family 1,Customer 1,Engine 12,Station 1,Pass!,3.17,-3.2,3.69,-3.71,4.36,-4.13,4.88,-4.64,5.47,-5.09
Machine 4,Family 1,Customer 1,Engine 12,Station 2,Pass!,3.02,-3.8,3.77,-4.36,4.27,-4.79,4.85,-5.26,5.35,-5.66
Machine 4,Family 1,Customer 1,Engine 12,Station 1,Pass!,3.77,-2.76,4.5,-3.31,4.92,-3.81,5.45,-4.3,5.72,-4.82
Machine 4,Family 1,Customer 1,Engine 12,Station 2,Pass!,3.54,-3.11,4.19,-3.71,4.69,-4.16,5.26,-4.62,5.8,-5.06
Machine 4,Family 1,Customer 1,Engine 12,Station 1,Pass!,3.64,-3.63,4.24,-4.13,4.77,-4.55,5.28,-4.9,5.86,-5.34
Machine 4,Family 1,Customer 1,Engine 12,Station 2,Pass!,4.05,-2.4,4.55,-3.33,5.16,-4.33,5.6,-5,5.97,-5.33
Machine 4,Family 1,Customer 1,Engine 12,Station 1,Pass!,2.89,-3.57,3.4,-4.15,4.14,-4.7,4.63,-5.15,5.13,-5.67
Machine 4,Family 1,Customer 1,Engine 12,Station 2,Pass!,3.12,-2.57,3.79,-3.48,4.45,-3.88,4.84,-4.76,5.38,-5.11
Machine 4,Family 1,Customer 1,Engine 12,Station 1,Pass!,3.48,-3.03,4.08,-3.42,4.71,-3.93,5.31,-4.42,5.68,-4.97
Machine 4,Family 1,Customer 1,Engine 12,Station 2,Pass!,3.67,-4.03,4.22,-4.57,4.85,-5.15,5.34,-5.48,5.83,-5.84
Machine 4,Family 1,Customer 1,Engine 12,Station 1,Pass!,2.39,-3.8,3.05,-4.3,3.55,-4.66,4.11,-5.14,4.58,-5.63
Machine 4,Family 1,Customer 1,Engine 12,Station 2,Pass!,3.02,-3.71,3.73,-4.33,4.27,-4.6,4.87,-4.93,5.31,-5.31
Machine 4,Family 1,Customer 1,Engine 12,Station 1,Pass!,3.17,-3.53,4.09,-4.15,4.69,-4.64,5.37,-5.23,5.86,-5.6
Machine 4,Family 1,Customer 1,Engine 12,Station 2,Pass!,3.27,-4.6,3.88,-5.04,4.46,-5.51,5.01,-5.79,5.59,-6.01
Machine 4,Family 1,Customer 1,Engine 12,Station 1,Pass!,3.29,-2.88,4.04,-3.3,4.58,-3.73,5.01,-4.21,5.66,-4.66
Machine 4,Family 1,Customer 1,Engine 12,Station 1,Pass!,3.79,-3.27,4.34,-3.69,4.93,-4.2,5.47,-4.6,5.93,-5.09
Machine 4,Family 1,Customer 1,Engine 12,Station 1,Pass!,3.6,-2.96,4.41,-3.41,4.84,-3.92,5.35,-4.31,5.91,-4.79
Machine 4,Family 1,Customer 1,Engine 12,Station 1,Pass!,3.31,-3.63,3.98,-4.16,4.74,-4.6,5.26,-5.03,5.93,-5.53
Machine 4,Family 1,Customer 3,Engine 5,Station 2,Pass!,2.77,-4.23,3.52,-4.78,3.93,-5.32,4.53,-5.7,5.02,-6.24
Machine 4,Family 1,Customer 3,Engine 5,Station 1,Pass!,2.9,-3.42,3.48,-3.89,4.02,-4.26,4.59,-4.71,5.01,-5.11
Machine 4,Family 1,Customer 3,Engine 5,Station 2,Pass!,3.43,-3,3.94,-3.58,4.56,-4.03,4.97,-4.51,5.35,-4.9
Machine 4,Family 1,Customer 3,Engine 5,Station 1,Pass!,2.84,-3.34,3.28,-3.84,3.83,-4.28,4.35,-4.74,4.96,-5.28
Machine 4,Family 1,Customer 3,Engine 5,Station 2,Pass!,3.81,-3.18,4.36,-3.66,5.07,-4.14,5.57,-4.57,6.29,-5.08
Machine 4,Family 1,Customer 3,Engine 5,Station 1,Fail!,2.83,-4.64,3.47,-5.15,3.98,-5.52,4.44,-5.95,4.92,-6.34
Machine 4,Family 1,Customer 3,Engine 5,Station 1,Pass!,4.49,-3.34,5.04,-3.95,5.4,-4.37,5.84,-4.7,6.16,-5.1
Machine 4,Family 1,Customer 3,Engine 5,Station 2,Pass!,2.81,-3.41,3.27,-3.84,3.9,-4.3,4.42,-4.7,4.85,-5.18
Machine 4,Family 1,Customer 3,Engine 5,Station 1,Pass!,4.19,-3.97,4.84,-4.32,5.33,-4.78,5.73,-5.22,6.08,-5.65
Machine 4,Family 1,Customer 3,Engine 5,Station 2,Pass!,2.66,-3.52,3.23,-4.05,3.75,-4.47,4.29,-4.95,4.85,-5.39
Machine 4,Family 1,Customer 3,Engine 5,Station 1,Pass!,3.47,-2.85,4,-3.34,4.57,-3.76,5.14,-4.23,5.72,-4.74
Machine 4,Family 1,Customer 3,Engine 3,Station 2,Pass!,2.62,-3.92,3.31,-4.4,3.8,-4.8,4.29,-5.33,4.72,-5.75
Machine 5,Family 1,Customer 1,Engine 1,Station 2,Fail!,4.34,-2.13,4.87,-2.58,5.46,-3.12,5.93,-3.67,6.43,-4.17
Machine 5,Family 1,Customer 1,Engine 1,Station 1,Pass!,2.92,-2.7,3.38,-3.34,3.89,-3.81,4.41,-4.26,4.87,-4.67
Machine 5,Family 1,Customer 1,Engine 1,Station 2,Pass!,2.99,-4.32,3.55,-4.74,4.22,-5.06,4.75,-5.42,5.36,-5.84
Machine 5,Family 1,Customer 1,Engine 1,Station 1,Pass!,2.79,-3.52,3.91,-4.12,4.55,-4.55,4.86,-4.9,5.32,-5.4
Machine 5,Family 1,Customer 3,Engine 9,Station 2,Pass!,3.83,-3.54,4.35,-4.01,4.88,-4.58,5.41,-5.05,5.87,-5.45
Machine 5,Family 1,Customer 3,Engine 9,Station 1,Pass!,3.81,-2.68,4.38,-3.82,5.03,-4.32,5.62,-4.85,6.1,-5.23
Machine 5,Family 1,Customer 3,Engine 9,Station 2,Pass!,4.34,-3.85,5.05,-4.71,5.73,-4.94,6.17,-5.14,6.61,-5.35
Machine 5,Family 1,Customer 3,Engine 9,Station 1,Pass!,3.07,-2.92,3.74,-3.62,4.35,-3.99,4.8,-4.66,5.4,-5.23
Machine 5,Family 1,Customer 3,Engine 9,Station 2,Pass!,3.23,-2.98,4.06,-3.67,4.73,-4.2,5.24,-4.66,5.72,-5.16
Machine 5,Family 1,Customer 3,Engine 9,Station 1,Fail!,3.3,-4.24,4.02,-4.67,4.56,-5.16,5.1,-5.68,5.19,-6.07
Machine 5,Family 1,Customer 3,Engine 9,Station 2,Pass!,3.61,-3.07,4.08,-3.69,4.51,-4.01,4.92,-4.32,5.47,-4.74
Machine 5,Family 1,Customer 3,Engine 9,Station 1,Pass!,3.13,-3.73,3.91,-4.18,4.62,-4.63,5.07,-4.99,5.58,-5.41
Machine 5,Family 1,Customer 3,Engine 9,Station 2,Pass!,3.61,-3.39,4.51,-4.27,5.13,-4.76,5.62,-5.35,6.06,-5.64
Machine 5,Family 1,Customer 1,Engine 1,Station 1,Pass!,3.68,-3.07,4.16,-3.57,4.78,-4.09,5.21,-4.53,5.64,-5.01
Machine 5,Family 1,Customer 1,Engine 1,Station 2,Pass!,3.48,-3.01,4.07,-3.89,4.51,-4.22,4.94,-4.45,5.51,-4.85
Machine 5,Family 1,Customer 1,Engine 1,Station 1,Pass!,2.95,-4.91,3.76,-5.28,4.39,-5.3,4.98,-5.44,5.39,-5.84
Machine 5,Family 1,Customer 1,Engine 1,Station 2,Pass!,4.05,-3.04,4.44,-3.58,5.04,-4.2,5.68,-4.89,6.14,-5.21
Machine 5,Family 1,Customer 1,Engine 1,Station 1,Pass!,2.56,-4.72,3.39,-4.63,4.28,-5.22,4.99,-5.69,5.43,-5.97
Machine 5,Family 1,Customer 1,Engine 1,Station 2,Pass!,3.59,-2.83,4.19,-3.18,5.06,-3.7,5.55,-4.12,5.96,-4.62
Machine 5,Family 1,Customer 1,Engine 1,Station 1,Pass!,2.75,-4.05,3.59,-4.23,4.51,-5.09,5.04,-5.48,5.49,-5.87
Machine 5,Family 1,Customer 1,Engine 1,Station 2,Fail!,4.26,-2.88,4.83,-3.46,5.39,-3.88,5.91,-4.45,6.22,-4.88
Machine 5,Family 1,Customer 1,Engine 1,Station 1,Pass!,3.47,-3.48,4.23,-4.14,4.71,-4.72,5.32,-5.17,5.74,-5.56
Machine 5,Family 1,Customer 3,Engine 5,Station 2,Pass!,3.94,-3.99,4.54,-4.38,5.07,-5,5.72,-5.41,6.19,-5.82
Machine 5,Family 1,Customer 3,Engine 5,Station 1,Fail!,4.76,-2.79,5.33,-3.11,5.94,-3.62,6.57,-4,7.14,-4.54
Machine 5,Family 1,Customer 3,Engine 5,Station 2,Fail!,3.03,-4.76,3.65,-3.94,4.28,-3.95,4.83,-4.13,5.26,-4.66
Machine 5,Family 1,Customer 3,Engine 5,Station 3,Pass!,3.02,-4.13,3.75,-4.59,4.5,-5.14,5.06,-5.76,5.66,-6.13
Machine 5,Family 1,Customer 3,Engine 5,Station 1,Pass!,3.16,-3.4,3.98,-3.94,4.34,-4.45,4.96,-4.94,5.53,-5.39
Machine 5,Family 1,Customer 3,Engine 11,Station 2,Pass!,3.03,-2.96,3.5,-4.44,4.12,-4.85,4.9,-5.27,5.25,-5.75
Machine 5,Family 1,Customer 3,Engine 11,Station 1,Pass!,3.14,-3.2,3.99,-3.78,4.46,-4.42,4.88,-5.19,5.4,-5.5
Machine 5,Family 1,Customer 3,Engine 11,Station 1,Pass!,3.02,-3,3.63,-3.36,4.35,-3.99,4.88,-4.98,5.54,-5.78
Machine 5,Family 1,Customer 1,Engine 6,Station 2,Pass!,4.1,-3.53,4.86,-4.08,5.21,-4.64,5.75,-5.17,6.22,-5.61
Machine 5,Family 1,Customer 1,Engine 6,Station 1,Pass!,3.07,-3.92,3.82,-4.24,4.52,-4.83,5.19,-5.22,5.72,-5.79
Machine 5,Family 1,Customer 1,Engine 6,Station 2,Pass!,2.96,-3.59,3.86,-4.22,4.44,-4.63,5.23,-5.14,5.72,-5.56
Machine 5,Family 1,Customer 3,Engine 5,Station 2,Pass!,3.4,-2.73,4.12,-3.45,4.76,-4.34,5.25,-5.06,5.7,-5.47
Machine 5,Family 1,Customer 3,Engine 5,Station 1,Pass!,3.63,-2.48,4.33,-3.03,4.97,-3.84,5.55,-4.51,6.09,-5.02
Machine 5,Family 1,Customer 3,Engine 5,Station 2,Pass!,3.56,-3.61,4.1,-4.23,4.7,-4.9,5.27,-5.53,5.88,-5.97
Machine 5,Family 1,Customer 3,Engine 5,Station 1,Pass!,3.35,-2.79,3.83,-3.5,4.44,-4.18,5,-4.83,5.5,-5.29
Machine 5,Family 1,Customer 3,Engine 5,Station 2,Pass!,3.2,-3.55,3.8,-3.91,4.62,-4.42,5.52,-4.78,6.27,-5.26
Machine 5,Family 1,Customer 3,Engine 5,Station 1,Pass!,3.94,-3.49,4.71,-4.02,5.35,-4.52,5.79,-4.95,6.21,-5.4
Machine 5,Family 1,Customer 3,Engine 5,Station 2,Pass!,4.02,-2.97,4.41,-3.66,5.04,-4.48,5.46,-5.05,5.96,-5.49
Machine 5,Family 1,Customer 3,Engine 5,Station 1,Pass!,3.52,-2.9,4.16,-3.62,4.61,-4.19,5.26,-4.6,5.77,-5.03
Machine 5,Family 1,Customer 3,Engine 5,Station 2,Pass!,3.3,-3.43,4.22,-4.05,4.76,-4.72,5.29,-5.03,5.75,-5.38
Machine 5,Family 1,Customer 3,Engine 5,Station 1,Pass!,2.68,-3.66,3.8,-4.22,4.7,-4.87,5.22,-5.3,5.77,-5.78
Machine 5,Family 1,Customer 3,Engine 5,Station 2,Pass!,3.42,-2.36,4.12,-2.95,4.55,-3.81,5.11,-4.48,5.65,-5.05
Machine 5,Family 1,Customer 3,Engine 5,Station 1,Pass!,3.04,-3.19,4.09,-3.98,4.76,-4.6,5.18,-5.21,5.71,-5.6
Machine 5,Family 1,Customer 3,Engine 5,Station 2,Pass!,3.72,-3.48,4.14,-3.98,4.74,-4.54,5.35,-5,5.7,-5.47
Machine 5,Family 1,Customer 3,Engine 5,Station 1,Pass!,3.73,-2.67,4.07,-3.36,4.66,-4.09,5.12,-4.69,5.63,-5.25
Machine 5,Family 1,Customer 3,Engine 5,Station 2,Pass!,3.27,-3.55,4.01,-4.11,4.63,-4.53,5.17,-5.13,5.65,-5.54
Machine 5,Family 1,Customer 3,Engine 5,Station 1,Pass!,3.36,-3.63,4.2,-4.09,4.79,-4.72,5.35,-5.02,5.83,-5.53
Machine 5,Family 1,Customer 3,Engine 5,Station 2,Pass!,3.39,-3.49,4.02,-4.09,4.62,-4.58,5.06,-5.05,5.44,-5.5
Machine 5,Family 1,Customer 3,Engine 5,Station 2,Pass!,3.66,-3.55,4.27,-4.2,4.9,-4.57,5.39,-5.03,5.83,-5.47
Machine 5,Family 1,Customer 3,Engine 5,Station 1,Pass!,3.61,-3.14,4.31,-3.97,4.85,-4.37,5.44,-4.91,5.9,-5.44
Machine 5,Family 1,Customer 3,Engine 5,Station 2,Pass!,3.89,-2.94,3.9,-2.89,4.71,-3.55,5.16,-4.07,5.52,-4.83
Machine 5,Family 1,Customer 3,Engine 5,Station 1,Pass!,3.32,-3.37,4.31,-4.03,4.82,-4.65,5.37,-5.07,5.83,-5.6
Machine 5,Family 1,Customer 3,Engine 5,Station 2,Pass!,3.66,-3.05,4.43,-3.68,5.03,-4.41,5.56,-4.87,5.97,-5.34
Machine 5,Family 1,Customer 1,Engine 1,Station 2,Pass!,3.74,-3.15,4.16,-3.55,4.82,-3.86,5.34,-4.32,5.83,-4.73
Machine 5,Family 1,Customer 1,Engine 1,Station 1,Pass!,2.97,-3.31,3.58,-3.88,4.2,-4.39,4.76,-5.01,5.44,-5.42
Machine 5,Family 1,Customer 1,Engine 1,Station 2,Pass!,3.55,-2.94,4.19,-3.57,4.9,-4.39,5.55,-5.04,5.93,-5.5
Machine 5,Family 1,Customer 1,Engine 1,Station 1,Pass!,3.15,-2.93,3.99,-3.88,4.72,-4.77,5.2,-5.21,5.73,-5.57
Machine 5,Family 1,Customer 3,Engine 5,Station 2,Pass!,3.48,-2.83,4.25,-3.55,4.66,-4.09,5.19,-4.61,5.82,-5.17
Machine 5,Family 1,Customer 3,Engine 5,Station 2,Pass!,3.46,-3.46,4.23,-4.1,4.85,-4.69,5.34,-5.04,5.89,-5.5
Machine 5,Family 1,Customer 3,Engine 5,Station 1,Pass!,2.93,-3.83,3.97,-4.53,4.49,-4.94,4.98,-5.38,5.3,-5.73
Machine 5,Family 1,Customer 3,Engine 5,Station 2,Pass!,3.6,-2.92,4.19,-2.86,4.89,-3.86,5.46,-4.38,5.78,-5
Machine 5,Family 1,Customer 3,Engine 5,Station 1,Pass!,3.31,-3.48,4.06,-3.96,4.41,-4.49,4.99,-4.88,5.55,-5.32
Machine 5,Family 1,Customer 3,Engine 5,Station 2,Pass!,2.83,-3.94,3.87,-4.43,4.53,-4.9,5.13,-5.37,5.68,-5.8
Machine 5,Family 1,Customer 2,Engine 2,Station 2,Pass!,3,-2.88,3.35,-3.49,3.73,-4.05,3.93,-4.47,5.34,-4.68
Machine 5,Family 1,Customer 2,Engine 2,Station 2,Fail!,2.35,-2.01,2.83,-2.4,3.39,-2.87,3.86,-3.13,4.04,-3.5
Machine 5,Family 1,Customer 2,Engine 2,Station 1,Pass!,4.29,-3.02,4.22,-3.48,3.96,-4.02,4.58,-4.65,4.86,-4.99
Machine 5,Family 1,Customer 2,Engine 2,Station 2,Pass!,3.26,-3.12,3.89,-3.6,4.5,-4.29,5.1,-4.67,5.57,-5.1
Machine 5,Family 1,Customer 2,Engine 2,Station 1,Pass!,3.19,-3.11,3.2,-3.43,4.24,-3.93,4.66,-4.47,4.52,-4.86
Machine 5,Family 1,Customer 2,Engine 2,Station 2,Pass!,3.22,-2.36,3.69,-3.25,4.15,-4.03,4.52,-4.3,4.93,-4.68
Machine 5,Family 1,Customer 1,Engine 1,Station 1,Pass!,3.72,-3.73,4.37,-4.35,5.05,-4.82,5.45,-5.27,5.95,-5.71
Machine 5,Family 1,Customer 1,Engine 1,Station 1,Fail!,3.56,-2.75,4.01,-3.14,4.69,-3.47,5.23,-3.89,5.74,-4.3
Machine 5,Family 1,Customer 1,Engine 1,Station 1,Pass!,3.61,-3.42,3.99,-3.93,4.62,-4.49,5.06,-5.05,5.61,-5.53
Machine 5,Family 1,Customer 1,Engine 1,Station 2,Pass!,3.79,-2.52,4.32,-2.99,4.78,-3.74,5.4,-4.65,5.88,-5.36
Machine 5,Family 1,Customer 2,Engine 2,Station 2,Pass!,3.23,-2.99,3.87,-3.64,4.3,-4.24,4.96,-4.54,5.16,-4.75
Machine 5,Family 1,Customer 2,Engine 2,Station 1,Pass!,3.15,-3.36,3.53,-3.61,3.98,-4.51,4.73,-4.99,5.12,-5.4
Machine 5,Family 1,Customer 2,Engine 2,Station 2,Pass!,2.52,-3,3.53,-3.48,4.3,-4.1,4.84,-4.67,5.24,-5.12
Machine 5,Family 1,Customer 2,Engine 2,Station 1,Pass!,2.97,-2.74,3.63,-3.44,4.29,-4.02,4.82,-4.45,5.29,-4.74
Machine 5,Family 1,Customer 2,Engine 2,Station 2,Pass!,2.84,-3.31,3.33,-3.72,4.04,-4,4.64,-4.49,5.04,-5.03
Machine 5,Family 1,Customer 2,Engine 2,Station 1,Pass!,1.91,-3.26,3.16,-3.75,4.36,-4.24,5.7,-4.64,5.44,-4.89
Machine 5,Family 1,Customer 2,Engine 2,Station 2,Pass!,3.5,-2.98,4.03,-3.79,4.62,-4.39,4.99,-4.78,5.09,-4.9
Machine 5,Family 1,Customer 2,Engine 2,Station 1,Pass!,3.14,-3.27,3.78,-3.78,4.34,-4.09,4.66,-4.63,5.3,-5.2
Machine 5,Family 1,Customer 2,Engine 2,Station 2,Pass!,2.37,-3.58,3.51,-3.72,4.02,-4.39,4.37,-4.84,4.65,-5.45
Machine 5,Family 1,Customer 2,Engine 2,Station 1,Pass!,3.08,-2.5,3.76,-3.68,4.32,-4.02,4.66,-4.53,5.04,-4.9
Machine 5,Family 1,Customer 1,Engine 1,Station 1,Pass!,2.79,-2.9,3.4,-3.66,4.04,-4.27,4.57,-4.76,5.06,-5.3
Machine 5,Family 1,Customer 1,Engine 1,Station 2,Pass!,2.94,-4.81,4.12,-4.99,4.88,-5.13,5.25,-5.64,5.51,-6
Machine 5,Family 1,Customer 1,Engine 1,Station 1,Pass!,2.46,-4.28,3.17,-4.76,3.82,-5.29,5.09,-5.73,5.57,-6.13
Machine 5,Family 1,Customer 1,Engine 1,Station 2,Pass!,3.2,-3.94,4.02,-4.36,4.72,-4.92,5.1,-5.49,5.5,-6.05
Machine 5,Family 1,Customer 1,Engine 1,Station 1,Pass!,3.2,-4,4.06,-4.35,4.74,-4.98,5.17,-5.46,5.66,-5.98
Machine 5,Family 1,Customer 1,Engine 1,Station 2,Pass!,2.5,-3.44,3.5,-4.05,4.39,-4.65,5,-5.31,5.67,-5.68
Machine 5,Family 1,Customer 1,Engine 1,Station 1,Pass!,3.79,-3.65,4.56,-4.37,4.76,-5.04,5.06,-5.49,5.57,-5.92
Machine 5,Family 1,Customer 1,Engine 1,Station 2,Pass!,3.56,-3.32,4.19,-4.07,4.67,-4.85,5.27,-5.42,5.71,-5.75
Machine 5,Family 1,Customer 1,Engine 1,Station 1,Pass!,3.16,-3.71,3.97,-4.16,4.76,-4.89,5.26,-5.28,5.67,-5.65
Machine 5,Family 1,Customer 1,Engine 1,Station 2,Pass!,3.44,-3.37,4.25,-4.14,4.89,-4.79,5.4,-5.35,5.79,-5.77
Machine 5,Family 1,Customer 1,Engine 4,Station 1,Pass!,3.96,-2.86,4.4,-3.37,4.87,-3.97,5.29,-4.62,5.87,-5.25
Machine 5,Family 1,Customer 1,Engine 4,Station 2,Pass!,3.81,-2.46,4.22,-3.17,4.72,-4.36,5.03,-4.85,5.46,-5.37
Machine 5,Family 1,Customer 1,Engine 4,Station 1,Pass!,3.96,-2.99,4.51,-3.48,4.76,-3.93,5.5,-4.34,6.11,-4.88
Machine 5,Family 1,Customer 1,Engine 4,Station 2,Pass!,3.59,-3.4,4.01,-3.7,4.5,-4.13,5.16,-4.53,5.76,-5.03
Machine 5,Family 1,Customer 1,Engine 4,Station 1,Pass!,4.13,-2.62,4.34,-2.99,4.83,-3.62,5.34,-4.47,5.89,-5.27
Machine 5,Family 1,Customer 1,Engine 4,Station 2,Pass!,3.88,-3.18,4.38,-3.91,4.98,-4.56,5.67,-5.18,6.16,-5.59
Machine 5,Family 1,Customer 1,Engine 4,Station 2,Pass!,3.52,-3.32,4.05,-3.82,4.55,-4.31,5.2,-4.71,5.68,-5.29
Machine 5,Family 1,Customer 1,Engine 4,Station 1,Pass!,3.45,-3.4,4.04,-3.98,4.59,-4.36,5.08,-4.96,5.65,-5.48
Machine 5,Family 1,Customer 1,Engine 4,Station 1,Pass!,3.67,-3.43,4.09,-3.79,4.7,-4.14,5.37,-4.68,5.81,-5.19
Machine 5,Family 1,Customer 3,Engine 5,Station 2,Pass!,3.55,-3.02,4.05,-3.46,4.59,-3.89,5.38,-4.55,5.9,-5.1
Machine 5,Family 1,Customer 3,Engine 5,Station 1,Pass!,3.3,-3.16,3.94,-3.68,4.57,-4.19,5.13,-4.86,5.71,-5.46
Machine 5,Family 1,Customer 3,Engine 5,Station 2,Pass!,3.62,-4.03,4.05,-4.23,4.48,-4.49,5.03,-4.78,5.49,-5.14
Machine 5,Family 1,Customer 2,Engine 2,Station 1,Pass!,2.53,-3.61,3.46,-3.98,4.16,-4.45,4.7,-5.1,5.04,-5.52
Machine 5,Family 1,Customer 1,Engine 1,Station 1,Pass!,3.13,-4.07,3.82,-4.31,4.4,-4.8,4.98,-5.25,5.43,-5.56
Machine 5,Family 1,Customer 1,Engine 1,Station 1,Pass!,3.54,-3.52,3.99,-4.05,4.58,-4.41,5.09,-4.77,5.58,-5.25
Machine 5,Family 1,Customer 1,Engine 1,Station 2,Pass!,2.75,-3.59,3.34,-4,4,-4.46,4.46,-4.94,4.87,-5.29
Machine 5,Family 1,Customer 1,Engine 1,Station 1,Pass!,3.36,-3.38,4.08,-4.06,4.48,-4.46,4.99,-4.97,5.57,-5.27
Machine 5,Family 1,Customer 1,Engine 1,Station 2,Pass!,3.3,-3.4,4.07,-4,4.69,-4.73,5.18,-5.21,5.61,-5.67
Machine 5,Family 1,Customer 1,Engine 1,Station 2,Pass!,3.39,-4.14,3.91,-4.53,4.52,-4.87,5.01,-5.39,5.41,-5.93
Machine 5,Family 1,Customer 1,Engine 1,Station 2,Pass!,3.36,-3.41,4.04,-4.01,4.46,-4.46,5.1,-4.83,5.56,-5.35
Machine 5,Family 1,Customer 3,Engine 9,Station 1,Pass!,3.78,-2.91,4.22,-3.92,4.67,-4.43,5.12,-4.88,5.59,-5.28
Machine 5,Family 1,Customer 1,Engine 1,Station 2,Pass!,3.84,-3.47,4.53,-3.94,5.11,-4.42,5.54,-4.92,5.88,-5.34
Machine 5,Family 1,Customer 3,Engine 5,Station 1,Pass!,3.59,-2.74,4.2,-3.25,4.65,-3.6,5.17,-4.12,5.39,-4.63
Machine 5,Family 1,Customer 3,Engine 5,Station 2,Pass!,3.76,-3.99,4.44,-4.47,4.93,-4.89,5.36,-5.25,5.84,-5.53
Machine 5,Family 1,Customer 3,Engine 5,Station 2,Pass!,3.03,-3.52,3.59,-4.01,4.24,-4.5,4.76,-4.95,5.07,-5.43
Machine 5,Family 1,Customer 3,Engine 5,Station 1,Pass!,3.28,-4.37,4.07,-4.89,4.85,-5.23,5.37,-5.64,5.83,-6.02
Machine 5,Family 1,Customer 1,Engine 6,Station 2,Pass!,4,-2.79,4.5,-3.96,4.96,-4.7,5.68,-5.12,6.15,-5.52
Machine 5,Family 1,Customer 1,Engine 6,Station 1,Pass!,3.59,-2.98,4.12,-4.18,4.69,-4.76,5.23,-5.19,5.73,-5.65
Machine 5,Family 1,Customer 1,Engine 6,Station 2,Pass!,3.3,-3.85,3.85,-4.16,4.58,-4.55,4.94,-5.01,5.45,-5.47
Machine 5,Family 1,Customer 1,Engine 6,Station 1,Pass!,3.48,-3.82,3.99,-4.48,4.51,-4.91,5.04,-5.23,5.46,-5.67
Machine 5,Family 1,Customer 1,Engine 6,Station 2,Pass!,3.35,-3.66,3.98,-4.03,4.56,-4.43,5.1,-4.84,5.64,-5.19
Machine 5,Family 1,Customer 1,Engine 6,Station 1,Pass!,3.27,-3.34,3.71,-3.99,4.48,-4.53,5,-4.97,5.49,-5.52
Machine 5,Family 1,Customer 1,Engine 6,Station 2,Pass!,3.68,-3.22,4.21,-3.6,4.84,-4.26,5.35,-4.74,5.86,-5.23
Machine 5,Family 1,Customer 1,Engine 6,Station 1,Pass!,3.23,-3.59,3.9,-4.07,4.56,-4.39,5.15,-4.89,5.69,-5.17
Machine 5,Family 1,Customer 1,Engine 6,Station 2,Pass!,3.56,-3.75,4.04,-4.29,4.7,-4.76,5.26,-5.24,5.8,-5.79
Machine 5,Family 1,Customer 1,Engine 6,Station 1,Pass!,2.82,-3.8,3.28,-4.22,3.88,-4.58,4.56,-5.05,5.17,-5.44
Machine 5,Family 1,Customer 1,Engine 6,Station 2,Pass!,3.9,-3.6,4.46,-3.56,4.96,-4.14,5.47,-4.56,6.05,-5.28
Machine 5,Family 1,Customer 1,Engine 6,Station 1,Pass!,3.11,-3.25,3.72,-3.95,4.43,-4.21,5.01,-4.62,5.36,-5.54
Machine 5,Family 1,Customer 3,Engine 5,Station 2,Pass!,3.56,-4.47,3.8,-4.64,4.05,-4.81,4.76,-5.4,5.28,-5.76
Machine 5,Family 1,Customer 3,Engine 5,Station 1,Pass!,3.92,-3.45,4.01,-4.09,4.58,-4.5,5.1,-5.09,5.64,-5.52
Machine 5,Family 1,Customer 3,Engine 5,Station 2,Pass!,2.99,-4.38,3.42,-4.82,4.2,-5.16,4.91,-5.41,5.54,-5.78
Machine 5,Family 1,Customer 3,Engine 5,Station 1,Pass!,3.84,-3.56,4.12,-3.68,4.59,-4.24,5.17,-4.78,5.62,-5.37
Machine 5,Family 1,Customer 1,Engine 6,Station 2,Pass!,3.14,-3.55,3.71,-4.18,4.39,-4.64,5.13,-5.14,5.71,-5.61
Machine 5,Family 1,Customer 3,Engine 5,Station 1,Pass!,3.6,-3.09,3.98,-3.58,4.66,-4.09,5.29,-4.65,5.42,-5.23
Machine 5,Family 1,Customer 3,Engine 5,Station 2,Pass!,3.39,-3.33,3.69,-3.75,4.32,-4.39,4.93,-4.88,5.67,-5.31
Machine 5,Family 1,Customer 3,Engine 5,Station 1,Pass!,2.73,-3.73,3.8,-4.28,4.33,-4.71,4.85,-5.07,5.35,-5.46
Machine 5,Family 1,Customer 1,Engine 6,Station 2,Pass!,3.28,-3.76,3.94,-3.99,4.61,-4.34,5.25,-4.84,5.69,-5.37
Machine 5,Family 1,Customer 3,Engine 5,Station 1,Pass!,4.57,-3.15,5.05,-3.78,5.48,-4.23,5.96,-4.75,6.58,-5.2
Machine 5,Family 1,Customer 3,Engine 5,Station 2,Pass!,3.35,-3.23,4,-3.88,4.61,-4.22,5.07,-4.73,5.5,-5.24
Machine 5,Family 1,Customer 1,Engine 1,Station 1,Pass!,3.11,-3.47,3.98,-4.41,4.49,-5,5,-5.67,5.33,-6.07
Machine 5,Family 1,Customer 1,Engine 1,Station 2,Pass!,3.45,-3.28,4.04,-4.05,4.55,-4.34,5.07,-4.78,5.55,-5.24
Machine 5,Family 1,Customer 1,Engine 1,Station 1,Pass!,3.82,-3.51,4.43,-4.23,5.03,-4.77,5.42,-5.15,5.97,-5.48
Machine 5,Family 1,Customer 1,Engine 1,Station 2,Pass!,2.82,-3.26,3.62,-3.81,4.31,-4.33,4.78,-4.75,5.42,-5.23
Machine 5,Family 1,Customer 1,Engine 1,Station 1,Pass!,2.83,-3.95,3.73,-4.5,4.31,-4.94,4.88,-5.38,5.31,-5.71
Machine 5,Family 1,Customer 1,Engine 1,Station 2,Fail!,2.95,-3.79,3.56,-4.15,4.03,-4.73,4.63,-5.22,5.06,-5.64
Machine 5,Family 1,Customer 1,Engine 1,Station 1,Pass!,2.89,-4.1,3.76,-4.63,4.56,-5.12,5.1,-5.41,5.59,-5.72
Machine 5,Family 1,Customer 1,Engine 1,Station 1,Pass!,3.11,-3.72,4.03,-4.33,4.67,-4.96,5.09,-5.47,5.48,-5.93
Machine 5,Family 1,Customer 1,Engine 1,Station 2,Pass!,3.53,-2.92,4.31,-3.38,4.67,-3.75,5.25,-4.24,5.67,-4.8
Machine 5,Family 1,Customer 1,Engine 1,Station 1,Pass!,3.37,-3.17,3.96,-3.64,4.46,-4.07,4.85,-4.49,5.32,-4.76
Machine 5,Family 1,Customer 1,Engine 1,Station 2,Pass!,3.25,-2.93,3.73,-3.5,4.2,-3.92,4.69,-4.53,5.09,-5
Machine 5,Family 1,Customer 1,Engine 1,Station 1,Pass!,2.66,-3.75,3.34,-4.32,3.83,-4.7,4.28,-5.07,4.74,-5.45
Machine 5,Family 1,Customer 1,Engine 1,Station 2,Pass!,3.8,-3.38,4.17,-3.72,4.29,-4.16,4.72,-4.54,5.12,-5.06
Machine 5,Family 1,Customer 1,Engine 1,Station 1,Pass!,3.56,-2.99,4.05,-3.44,4.59,-4.02,4.98,-4.42,5.5,-4.9
Machine 5,Family 1,Customer 3,Engine 5,Station 2,Pass!,2.54,-4.41,3.13,-4.65,3.9,-4.9,4.57,-5.21,5.27,-5.54
Machine 5,Family 1,Customer 3,Engine 5,Station 1,Pass!,4.03,-4.26,4.64,-4.63,5,-4.9,5.42,-5.38,5.93,-5.72
Machine 5,Family 1,Customer 3,Engine 5,Station 2,Pass!,2.96,-3.88,3.84,-3.9,4.41,-3.87,4.97,-4.52,5.52,-5.33
Machine 5,Family 1,Customer 3,Engine 5,Station 1,Pass!,2.78,-3.04,3.48,-3.61,3.99,-3.98,4.55,-4.55,5.09,-5.14
Machine 5,Family 1,Customer 3,Engine 5,Station 2,Pass!,3.41,-3.38,3.89,-3.95,4.35,-4.41,4.74,-4.97,5.17,-5.38
Machine 5,Family 1,Customer 3,Engine 5,Station 1,Pass!,3.53,-3.11,4.04,-3.46,4.64,-4.19,5.16,-4.63,5.69,-5
Machine 5,Family 1,Customer 3,Engine 5,Station 2,Pass!,3.03,-3.53,3.64,-3.83,4.42,-4.28,5.13,-4.74,5.69,-5.29
Machine 5,Family 1,Customer 3,Engine 5,Station 1,Pass!,3.55,-3.06,4.08,-3.65,4.78,-4.24,5.21,-4.97,5.72,-5.42
Machine 5,Family 1,Customer 3,Engine 5,Station 2,Pass!,3.77,-3.54,4.35,-3.07,4.76,-3.79,5.28,-4.35,5.81,-5.11
Machine 5,Family 1,Customer 3,Engine 5,Station 1,Pass!,3.43,-3.46,3.88,-3.97,4.38,-4.43,5.01,-4.84,5.5,-5.31
Machine 5,Family 1,Customer 1,Engine 1,Station 2,Pass!,3.7,-2.83,4.19,-3.21,4.73,-3.72,5.19,-4.39,5.61,-4.78
Machine 5,Family 1,Customer 1,Engine 1,Station 1,Pass!,3.39,-3.04,4.08,-3.63,4.52,-4.05,5.05,-4.55,5.48,-5.02
Machine 5,Family 1,Customer 1,Engine 1,Station 2,Pass!,3.29,-3.65,3.98,-3.97,4.37,-4.42,4.88,-4.87,5.32,-5.2
Machine 5,Family 1,Customer 1,Engine 1,Station 1,Pass!,3.39,-3.72,3.86,-4.33,4.33,-4.89,4.84,-5.25,5.23,-5.54
Machine 5,Family 1,Customer 1,Engine 1,Station 2,Pass!,3.41,-3.84,3.92,-4.1,4.54,-4.39,4.95,-4.79,5.46,-5.2
Machine 5,Family 1,Customer 1,Engine 1,Station 1,Pass!,3.18,-4.22,3.8,-4.54,4.32,-4.8,4.81,-5.21,5.37,-5.57
Machine 5,Family 1,Customer 1,Engine 6,Station 1,Pass!,3.94,-2.96,4.66,-3.46,5.2,-3.96,5.75,-4.32,6.25,-4.85
Machine 5,Family 1,Customer 1,Engine 6,Station 2,Pass!,3.76,-3.29,3.8,-3.94,4.24,-4.45,5,-4.95,5.51,-5.43
Machine 5,Family 1,Customer 1,Engine 6,Station 1,Pass!,3.48,-4.27,4.22,-4.87,4.77,-5.21,5.23,-5.77,5.8,-6.03
Machine 5,Family 1,Customer 1,Engine 6,Station 2,Pass!,3.75,-3.44,4.27,-3.96,4.78,-4.37,5.27,-4.81,5.84,-5.23
Machine 5,Family 1,Customer 1,Engine 6,Station 1,Pass!,3.51,-3.29,4.15,-4.03,4.8,-4.61,5.41,-4.93,6.05,-5.43
Machine 5,Family 1,Customer 1,Engine 6,Station 2,Pass!,2.82,-3.79,3.76,-4.3,4.58,-4.61,5.19,-5.05,5.78,-5.46
Machine 5,Family 1,Customer 3,Engine 5,Station 1,Pass!,3.89,-3.46,3.98,-3.94,4.93,-4.4,5.49,-4.87,5.82,-5.46
Machine 5,Family 1,Customer 3,Engine 5,Station 2,Pass!,3.12,-4.5,3.69,-4.89,4.32,-5.2,4.95,-5.62,5.48,-5.99
Machine 5,Family 1,Customer 3,Engine 5,Station 1,Pass!,3.55,-3.61,3.9,-4.33,4.47,-4.47,4.94,-5.16,5.46,-5.47
Machine 5,Family 1,Customer 3,Engine 5,Station 2,Pass!,3.28,-2.68,3.93,-3.78,4.71,-4.29,5.32,-4.89,5.82,-5.25
Machine 5,Family 1,Customer 1,Engine 6,Station 1,Pass!,3.81,-4.44,4.02,-4.68,4.38,-4.51,4.84,-4.98,5.39,-5.3
Machine 5,Family 1,Customer 1,Engine 6,Station 2,Pass!,3.69,-3.41,4.17,-4.02,4.83,-4.36,5.35,-4.79,5.94,-5.25
Machine 5,Family 1,Customer 1,Engine 6,Station 1,Pass!,3.54,-4.24,4.2,-4.72,4.58,-4.9,5.13,-5.3,5.52,-5.75
Machine 5,Family 1,Customer 1,Engine 6,Station 2,Pass!,3.9,-2.64,4.62,-3.24,5.05,-3.69,5.62,-4.29,6.08,-4.83
